-- phpMyAdmin SQL Dump
-- version 5.2.1
-- https://www.phpmyadmin.net/
--
-- Gép: 127.0.0.1
-- Létrehozás ideje: 2026. Jan 16. 10:39
-- Kiszolgáló verziója: 10.4.32-MariaDB
-- PHP verzió: 8.0.30

SET SQL_MODE = "NO_AUTO_VALUE_ON_ZERO";
START TRANSACTION;
SET time_zone = "+00:00";


/*!40101 SET @OLD_CHARACTER_SET_CLIENT=@@CHARACTER_SET_CLIENT */;
/*!40101 SET @OLD_CHARACTER_SET_RESULTS=@@CHARACTER_SET_RESULTS */;
/*!40101 SET @OLD_COLLATION_CONNECTION=@@COLLATION_CONNECTION */;
/*!40101 SET NAMES utf8mb4 */;

--
-- Adatbázis: `phonescout`
--
CREATE DATABASE IF NOT EXISTS `phonescout` DEFAULT CHARACTER SET utf8mb4 COLLATE utf8mb4_hungarian_ci;
USE `phonescout`;

-- --------------------------------------------------------

--
-- Tábla szerkezet ehhez a táblához `addresses`
--

CREATE TABLE `addresses` (
  `ID` int(11) NOT NULL,
  `postalCode` int(4) NOT NULL,
  `city` varchar(64) NOT NULL,
  `address` varchar(256) NOT NULL,
  `phoneNumber` bigint(11) NOT NULL,
  `addressType` int(1) NOT NULL,
  `userID` int(11) NOT NULL
) ENGINE=InnoDB DEFAULT CHARSET=utf8mb4 COLLATE=utf8mb4_hungarian_ci;

-- --------------------------------------------------------

--
-- Tábla szerkezet ehhez a táblához `backmaterial`
--

CREATE TABLE `backmaterial` (
  `ID` int(11) NOT NULL,
  `backMaterial` varchar(32) DEFAULT NULL
) ENGINE=InnoDB DEFAULT CHARSET=utf8mb4 COLLATE=utf8mb4_hungarian_ci;

--
-- A tábla adatainak kiíratása `backmaterial`
--

INSERT INTO `backmaterial` (`ID`, `backMaterial`) VALUES
(1, 'Vegán műbőr'),
(2, 'Üveg'),
(3, 'Fa'),
(5, 'Műanyag'),
(6, '');

-- --------------------------------------------------------

--
-- Tábla szerkezet ehhez a táblához `batterytype`
--

CREATE TABLE `batterytype` (
  `ID` int(11) NOT NULL,
  `batteryType` varchar(20) DEFAULT NULL
) ENGINE=InnoDB DEFAULT CHARSET=utf8mb4 COLLATE=utf8mb4_hungarian_ci;

--
-- A tábla adatainak kiíratása `batterytype`
--

INSERT INTO `batterytype` (`ID`, `batteryType`) VALUES
(1, 'Li-Po'),
(2, 'Li-Polymer'),
(3, 'Li-Ion'),
(5, 'Li-ion'),
(6, 'Li-Pol'),
(7, 'n/a');

-- --------------------------------------------------------

--
-- Tábla szerkezet ehhez a táblához `camera`
--

CREATE TABLE `camera` (
  `ID` int(11) NOT NULL,
  `cameraName` varchar(64) DEFAULT NULL,
  `cameraResolution` int(11) DEFAULT NULL,
  `cameraAperture` varchar(8) DEFAULT NULL,
  `cameraFocalLength` int(11) DEFAULT NULL,
  `cameraOIS` varchar(8) DEFAULT NULL
) ENGINE=InnoDB DEFAULT CHARSET=utf8mb4 COLLATE=utf8mb4_hungarian_ci;

--
-- A tábla adatainak kiíratása `camera`
--

INSERT INTO `camera` (`ID`, `cameraName`, `cameraResolution`, `cameraAperture`, `cameraFocalLength`, `cameraOIS`) VALUES
(1, '', 50, '', 24, ''),
(2, '', 12, '', 50, ''),
(3, '', 50, '', 24, ''),
(4, '', 20, '', 0, ''),
(5, 'Samsung GN5', 50, 'f/1.9', 0, 'van'),
(6, 'Samsung S5KJN1', 50, 'f/2.2', 0, 'nincs'),
(7, 'GalaxyCore GC02M1', 2, 'f/2.4', 0, 'nincs'),
(8, 'Omnivision OV16A1Q', 16, 'f/2.0', 0, 'nincs'),
(9, 'Samsung ISOCELL HP2', 200, 'f/1.7', 24, 'van'),
(10, 'Sony IMX854', 50, 'f/3.4', 111, 'van'),
(11, 'Sony IMX564', 12, 'f/2.2', 13, 'nincs'),
(12, 'Samsung S5K3LU', 12, 'f/2.2', 26, 'nincs'),
(13, 'Sony IMX903', 48, 'f/1.8', 24, 'van'),
(14, 'Sony IMX913', 12, 'f/2.8', 120, 'van'),
(15, 'Sony IMX972', 48, 'f/2.2', 13, 'nincs'),
(16, 'Sony IMX714', 12, 'f/1.9', 23, 'nincs'),
(17, 'Samsung ISOCELL HP2', 200, 'f/1.7', 24, 'van'),
(18, 'Samsung JN3', 50, 'f/1.9', 13, 'nincs'),
(19, 'Omnivision OV50H', 50, 'f/1.4', 24, 'van'),
(20, 'Samsung S5KHP3SP', 200, 'f/2.6', 72, 'van'),
(21, 'Omnivision OV50D40 Light Hunter 400', 50, 'f/2.0', 12, 'nincs'),
(22, 'Sony IMX816', 50, 'f/2.0', 21, 'nincs'),
(23, 'Samsung GN1', 50, 'f/1.7', 25, 'van'),
(24, 'Samsung S5KGM5', 48, 'f/2.8', 113, 'van'),
(25, 'Samsung S5KGM5', 48, 'f/1.7', 0, 'nincs'),
(26, 'string', 0, 'string', 0, 'string'),
(27, 'Sony LYT-700C', 50, 'f/1.8', 0, 'van'),
(28, 'Hynix Hi-1336', 13, 'f/2.1', 0, ''),
(29, 'Hynix Hi-1336', 13, 'f/2.2', 0, ''),
(30, 'Samsung S5KJD1', 32, 'f/2.45', 0, ''),
(31, 'Omnivision OV64B', 64, 'f/2.4', 12, 'nem'),
(32, 'Samsung GNK', 50, 'f/1.69', 23, 'van'),
(33, 'n/a', 108, 'f/1.7', 0, 'nincs'),
(34, 'n/a', 20, 'f/2.2', 0, 'nincs'),
(35, 'n/a', 2, '', 0, ''),
(36, 'n/a', 2, '', 0, ''),
(37, 'sadsa', 31, 'sad', 0, 'van'),
(38, 'fs', 50, 'f/1.88', 0, 'van'),
(39, 'Omnivision OVX9000', 50, 'f/1.62', 23, 'van'),
(40, 'Samsung S5KJN5', 50, 'f/2.0', 60, 'van'),
(41, 'Omnivision OV32B', 32, 'f/2.0', 21, 'nincs'),
(42, 'Sony LYT-900', 50, 'f/1.63', 23, 'van'),
(43, 'Samsung ISOCELL HP9', 200, 'f/2.6', 100, 'van'),
(44, 'Sony IMX858', 48, 'f/2.8', 113, 'van'),
(45, 'Sony IMX858', 48, 'f/1.7', 0, ''),
(46, 'Sony IMX858', 42, 'f/2.2', 17, 'nincs'),
(47, 'Sony IMX707', 50, 'f/1.9', 24, 'van'),
(48, 'Omnivision OV13B10', 12, 'f/2.2', 15, 'nincs'),
(49, 'Sony IMX596', 20, 'f/2.2', 0, 'nincs'),
(50, 'Samsung HM6', 108, 'f/1.7', 64, 'nincs');

-- --------------------------------------------------------

--
-- Tábla szerkezet ehhez a táblához `cameratype`
--

CREATE TABLE `cameratype` (
  `ID` int(11) NOT NULL,
  `cameraType` varchar(64) DEFAULT NULL
) ENGINE=InnoDB DEFAULT CHARSET=utf8mb4 COLLATE=utf8mb4_hungarian_ci;

--
-- A tábla adatainak kiíratása `cameratype`
--

INSERT INTO `cameratype` (`ID`, `cameraType`) VALUES
(1, ''),
(2, ''),
(3, ''),
(4, ''),
(5, 'Főkamera'),
(6, 'Széles látószögű kamera'),
(7, 'Makrókamera'),
(8, 'Szelfi kamera'),
(9, 'Telefotó kamera'),
(10, 'Periszkópos telefotó kamera'),
(11, 'periszkópos telefotó'),
(12, 'makró kamera'),
(13, 'string'),
(14, 'Teleobjektíves kamera'),
(15, 'Makró kamera'),
(16, 'Első (selfie) kamera'),
(17, 'Széles látószögű'),
(18, 'Telefotó'),
(19, 'Ultraszéles'),
(20, 'Szelfi'),
(21, 'Periszkóp telefotó'),
(22, 'Teleobjektív'),
(24, 'Mélység szenzor'),
(25, 'Szelfikamera'),
(26, 'Fő kamera'),
(27, 'Széles látőszögű kamera'),
(28, 'Teleobjektíves'),
(29, 'Floating telefotó kamera'),
(30, 'Ultra telefotó kamera'),
(31, 'Fő hátsó kamera'),
(32, 'Periszkópos telefotó');

-- --------------------------------------------------------

--
-- Tábla szerkezet ehhez a táblához `chargertype`
--

CREATE TABLE `chargertype` (
  `ID` int(11) NOT NULL,
  `chargerType` varchar(16) DEFAULT NULL
) ENGINE=InnoDB DEFAULT CHARSET=utf8mb4 COLLATE=utf8mb4_hungarian_ci;

--
-- A tábla adatainak kiíratása `chargertype`
--

INSERT INTO `chargertype` (`ID`, `chargerType`) VALUES
(1, 'USB Type-C');

-- --------------------------------------------------------

--
-- Tábla szerkezet ehhez a táblához `color`
--

CREATE TABLE `color` (
  `ID` int(11) NOT NULL,
  `colorName` varchar(32) DEFAULT NULL,
  `colorHex` varchar(8) DEFAULT NULL
) ENGINE=InnoDB DEFAULT CHARSET=utf8mb4 COLLATE=utf8mb4_hungarian_ci;

--
-- A tábla adatainak kiíratása `color`
--

INSERT INTO `color` (`ID`, `colorName`, `colorHex`) VALUES
(1, 'Meadow Green', '#8ba39b'),
(2, 'Alpine Blue', '#8e9cb5'),
(3, 'Black', '#000000'),
(4, 'Design Sleet', '#000000'),
(5, 'Frost', '#ffffff'),
(6, 'Cyclone', '#3f4247'),
(7, 'Natural Titanium', '#635f5a'),
(8, 'Desert Titanium', ' #6c6056'),
(9, 'White Titanium', '#ffffff'),
(10, 'Black Titanium', '#000000'),
(11, 'Titanium Silverblue', '#a1a8b6'),
(12, 'Titanium Whitesilver', '#d5d5d7'),
(13, 'Titanium Gray', '#bcb9b3'),
(14, 'Titanium Black', '#000000'),
(15, 'Titanium Jadegreen', '#b0b7aa'),
(16, 'Titanium Pinkgold', '#ebdbce'),
(17, 'Titanium Jetblack', '#2f3137'),
(18, 'Lunar shadow Gray', '#b7bdc7'),
(19, 'Breeze Blue', '#b3cfdf'),
(20, 'Rose Quartz', '#f2d2e3'),
(21, 'Hazel', '#e4dbd8'),
(22, 'Porcelain', '#8a8c8b'),
(23, 'Obsidian', '#2a2a2a'),
(24, 'Ocean blue', '#628ca2'),
(25, 'Midnight black', '#1f1f1f'),
(26, 'string', 'string'),
(27, 'Aurora Purple', '#9E9DD7'),
(28, 'Ocean Blue', '#72A6C4'),
(29, 'Midnight Black', '#000000'),
(30, 'Ocean Blue', '#76A4BC'),
(31, 'Lime Green', '#E1ECB6'),
(32, 'Mist Purple', '#D4D1E0'),
(33, 'Forest Blue', '#174A5B'),
(34, 'Hot Pink', '#D74B85'),
(35, 'Marshmallow Blue', '#BCCCDA'),
(36, 'Peach Fuzz', '#FFBE98'),
(37, 'Forest Grey', '#424F50'),
(38, 'Nordic Wood', '#CCBEAF'),
(39, 'PANTONE Grisaille', '#626677'),
(40, 'PANTONE Mocha Mousse', '#A47B67'),
(41, 'PANTONE Latte', '#CBAA88'),
(42, 'PANTONE Nautical Blue', '#315592'),
(43, 'PANTONE Poinciana', '#C94235'),
(44, 'PANTONE Grisaille', '#315592'),
(45, 'PANTONE Latte', '#626677'),
(46, 'PANTONE Nautical Blue', '#C94235'),
(47, 'PANTONE Poinciana', '#CBAA88'),
(48, 'Jungle Green', '#335959'),
(49, 'Koala Grey', '#001428'),
(50, 'Black', '#171817'),
(51, 'Grey', '#797979'),
(52, 'Pink', '#FFBFEA'),
(53, 'Beige', '#CDB68E'),
(54, 'Liquid Silver', '#A9AAAE'),
(55, 'White', '#E8E8E8'),
(56, 'Black', '#464A4F'),
(57, 'Green', '#E3F2E6'),
(58, 'White', '#E1E1E1'),
(59, 'Black', '#5B5F60'),
(60, 'Silver Chrome', '#E1E1E2'),
(61, 'Alpine Blue', '#000000'),
(62, 'Black', '#8ba39b'),
(63, 'Meadow Green', '#8e9cb5'),
(64, 'Titánszürke', '#A39C94'),
(65, 'Titánfekete', '#444240'),
(66, 'Titánlila', '#453F56'),
(67, 'Titánsárga', '#EDDFB0'),
(68, 'Titánkék', '#CCD2E0'),
(69, 'Lime Green', '#000000'),
(70, 'Midnight Black', '#76A4BC'),
(71, 'Ocean Blue', '#E1ECB6'),
(72, 'Coral Green', '#C6DFDA'),
(73, 'Aurora Purple', '#E1E0F5'),
(74, 'Ocean Blue', '#8CB7C5'),
(75, 'Frost Blue', '#BAE0E3'),
(76, 'Lavender Purple', '#D4D1E6'),
(77, 'Black', '#424242'),
(78, 'White', '#D2D5DD'),
(79, 'Jade Green', '#627379'),
(80, 'Cyclone', '#000000'),
(81, 'Design Sleet', '#3f4247'),
(82, 'Hot Pink', '#BCCCDA'),
(83, 'Marshmallow Blue', '#D74B85'),
(84, 'Jungle Green', '#001428'),
(85, 'Koala Grey', '#335959'),
(86, 'Beige', '#171817'),
(87, 'Black', '#797979'),
(88, 'Grey', '#CDB68E'),
(89, 'Green', '#A9AAAE'),
(90, 'Liquid Silver', '#E3F2E6');

-- --------------------------------------------------------

--
-- Tábla szerkezet ehhez a táblához `connectionparts`
--

CREATE TABLE `connectionparts` (
  `ID` int(11) NOT NULL,
  `repairID` varchar(22) NOT NULL,
  `partID` int(11) NOT NULL
) ENGINE=InnoDB DEFAULT CHARSET=utf8mb4 COLLATE=utf8mb4_hungarian_ci;

--
-- A tábla adatainak kiíratása `connectionparts`
--

INSERT INTO `connectionparts` (`ID`, `repairID`, `partID`) VALUES
(1, '1', 1),
(2, '5', 1),
(3, 'jsjksjhkdsjk', 1),
(4, 'string', 1),
(5, 'adad', 1),
(6, 'adadad', 1);

-- --------------------------------------------------------

--
-- Tábla szerkezet ehhez a táblához `connectionservice`
--

CREATE TABLE `connectionservice` (
  `repairID` varchar(22) NOT NULL,
  `userID` int(11) NOT NULL,
  `postalCode` int(4) NOT NULL,
  `city` varchar(64) NOT NULL,
  `address` varchar(256) NOT NULL,
  `phoneNumber` bigint(11) NOT NULL,
  `phoneName` varchar(64) NOT NULL,
  `price` int(11) NOT NULL,
  `status` int(1) NOT NULL,
  `manufacturerName` varchar(24) NOT NULL,
  `phoneInspection` tinyint(4) NOT NULL,
  `problemDescription` text NOT NULL
) ENGINE=InnoDB DEFAULT CHARSET=utf8mb4 COLLATE=utf8mb4_hungarian_ci;

--
-- A tábla adatainak kiíratása `connectionservice`
--

INSERT INTO `connectionservice` (`repairID`, `userID`, `postalCode`, `city`, `address`, `phoneNumber`, `phoneName`, `price`, `status`, `manufacturerName`, `phoneInspection`, `problemDescription`) VALUES
('1', 3, 0, '', '', 0, 'alma', 12, 1, 'alma', 1, 'baj van'),
('2', 3, 0, '', '', 0, 'string', 0, 0, 'string', 0, 'string'),
('3', 3, 0, '', '', 0, 'string', 0, 0, 'string', 0, 'string'),
('4', 3, 0, '', '', 0, 'string', 0, 0, 'string', 0, 'string'),
('5', 3, 0, '', '', 0, 'string', 0, 0, 'string', 0, 'string'),
('adad', 3, 0, 'string', 'string', 0, 'string', 0, 6, 'string', 0, 'string'),
('adadad', 4, 0, 'string', 'string', 0, 'string', 0, 0, 'string', 0, 'string'),
('jsjksjhkdsjk', 3, 0, '', '', 0, 'string', 0, 5, 'string', 0, 'string'),
('string', 3, 3535, 'string', 'string', 0, 'string', 0, 0, 'string', 0, 'string');

-- --------------------------------------------------------

--
-- Tábla szerkezet ehhez a táblához `connphonecamera`
--

CREATE TABLE `connphonecamera` (
  `ID` int(11) NOT NULL,
  `phoneID` int(11) NOT NULL,
  `cameraID` int(11) NOT NULL,
  `cameraTypeID` int(11) NOT NULL
) ENGINE=InnoDB DEFAULT CHARSET=utf8mb4 COLLATE=utf8mb4_hungarian_ci;

--
-- A tábla adatainak kiíratása `connphonecamera`
--

INSERT INTO `connphonecamera` (`ID`, `phoneID`, `cameraID`, `cameraTypeID`) VALUES
(14, 4, 13, 5),
(15, 4, 14, 11),
(16, 4, 15, 6),
(17, 4, 16, 8),
(18, 5, 17, 5),
(19, 5, 1, 9),
(20, 5, 10, 10),
(21, 5, 18, 6),
(22, 5, 12, 8),
(23, 6, 19, 5),
(24, 6, 20, 9),
(25, 6, 21, 6),
(26, 6, 22, 8),
(27, 7, 23, 5),
(28, 7, 24, 10),
(29, 7, 25, 6),
(30, 7, 1, 8),
(125, 12, 33, 5),
(126, 12, 1, 15),
(127, 12, 1, 6),
(128, 12, 1, 8),
(158, 22, 41, 29),
(159, 22, 43, 5),
(160, 22, 40, 6),
(161, 22, 42, 8),
(162, 22, 1, 30),
(163, 1, 47, 31),
(164, 1, 21, 18),
(165, 1, 48, 17),
(166, 1, 49, 25),
(167, 3, 1, 5),
(168, 3, 9, 10),
(169, 3, 12, 6),
(170, 3, 11, 8),
(171, 3, 10, 9),
(172, 8, 1, 5),
(173, 8, 1, 12),
(174, 8, 1, 6),
(175, 8, 1, 8),
(176, 10, 1, 17),
(177, 10, 1, 22),
(178, 10, 50, 31),
(179, 11, 33, 5),
(180, 11, 1, 15),
(181, 11, 1, 6),
(182, 11, 1, 8),
(183, 13, 33, 5),
(184, 13, 1, 12),
(185, 13, 1, 6),
(186, 13, 1, 25),
(187, 14, 33, 26),
(188, 14, 1, 15),
(189, 14, 1, 6),
(190, 14, 1, 25),
(195, 2, 7, 5),
(196, 2, 8, 7),
(197, 2, 5, 6),
(198, 2, 6, 8),
(199, 15, 1, 29),
(200, 15, 41, 5),
(201, 15, 39, 6),
(202, 15, 6, 8),
(203, 16, 1, 16),
(204, 16, 28, 5),
(205, 16, 30, 15),
(206, 16, 27, 6),
(207, 16, 1, 14),
(208, 17, 1, 16),
(209, 17, 19, 5),
(210, 17, 31, 6),
(211, 17, 6, 14),
(212, 18, 1, 5),
(213, 18, 27, 17),
(214, 18, 1, 25),
(215, 18, 1, 18),
(216, 19, 1, 31),
(217, 19, 27, 17),
(218, 19, 1, 25),
(219, 19, 1, 18),
(220, 20, 32, 31),
(221, 20, 44, 32),
(222, 20, 1, 17),
(223, 20, 1, 25),
(224, 21, 41, 5),
(225, 21, 39, 27),
(226, 21, 6, 8),
(227, 21, 40, 28);

-- --------------------------------------------------------

--
-- Tábla szerkezet ehhez a táblához `connphonecolor`
--

CREATE TABLE `connphonecolor` (
  `ID` int(11) NOT NULL,
  `phoneID` int(11) NOT NULL,
  `colorID` int(11) NOT NULL
) ENGINE=InnoDB DEFAULT CHARSET=utf8mb4 COLLATE=utf8mb4_hungarian_ci;

--
-- A tábla adatainak kiíratása `connphonecolor`
--

INSERT INTO `connphonecolor` (`ID`, `phoneID`, `colorID`) VALUES
(7, 4, 7),
(8, 4, 8),
(9, 4, 9),
(10, 4, 10),
(11, 5, 11),
(12, 5, 12),
(13, 5, 13),
(14, 5, 14),
(15, 5, 15),
(16, 5, 16),
(17, 5, 17),
(18, 6, 18),
(19, 6, 19),
(20, 6, 3),
(21, 7, 20),
(22, 7, 21),
(23, 7, 22),
(24, 7, 23),
(36, 12, 27),
(37, 12, 28),
(38, 12, 29),
(70, 22, 58),
(71, 22, 59),
(72, 22, 60),
(73, 1, 61),
(74, 1, 62),
(75, 1, 63),
(76, 3, 64),
(77, 3, 65),
(78, 3, 66),
(79, 3, 67),
(80, 3, 68),
(81, 8, 25),
(82, 8, 24),
(83, 10, 69),
(84, 10, 70),
(85, 10, 32),
(86, 10, 71),
(87, 11, 72),
(88, 13, 73),
(89, 13, 29),
(90, 13, 74),
(91, 14, 29),
(92, 14, 75),
(93, 14, 76),
(97, 2, 80),
(98, 2, 81),
(99, 2, 5),
(100, 15, 77),
(101, 15, 79),
(102, 15, 78),
(103, 16, 33),
(104, 16, 82),
(105, 16, 83),
(106, 17, 37),
(107, 17, 38),
(108, 17, 36),
(109, 18, 44),
(110, 18, 45),
(111, 18, 40),
(112, 18, 46),
(113, 18, 47),
(114, 19, 84),
(115, 19, 85),
(116, 19, 36),
(117, 20, 86),
(118, 20, 87),
(119, 20, 88),
(120, 20, 52),
(121, 21, 56),
(122, 21, 89),
(123, 21, 90),
(124, 21, 55);

-- --------------------------------------------------------

--
-- Tábla szerkezet ehhez a táblához `connphoneramstorage`
--

CREATE TABLE `connphoneramstorage` (
  `ID` int(11) NOT NULL,
  `phoneID` int(11) NOT NULL,
  `ramstorageID` int(11) NOT NULL
) ENGINE=InnoDB DEFAULT CHARSET=utf8mb4 COLLATE=utf8mb4_hungarian_ci;

--
-- A tábla adatainak kiíratása `connphoneramstorage`
--

INSERT INTO `connphoneramstorage` (`ID`, `phoneID`, `ramstorageID`) VALUES
(9, 4, 7),
(10, 4, 8),
(11, 4, 9),
(12, 5, 1),
(13, 5, 5),
(14, 5, 6),
(15, 5, 10),
(16, 6, 1),
(17, 6, 11),
(18, 6, 6),
(19, 6, 12),
(20, 6, 10),
(21, 7, 13),
(22, 7, 14),
(23, 7, 12),
(92, 12, 1),
(93, 12, 26),
(94, 12, 7),
(113, 22, 10),
(114, 22, 12),
(115, 1, 1),
(116, 1, 2),
(117, 3, 6),
(118, 3, 1),
(119, 3, 5),
(120, 8, 1),
(121, 8, 5),
(122, 8, 7),
(123, 11, 5),
(124, 11, 25),
(125, 11, 7),
(126, 13, 1),
(127, 13, 5),
(128, 13, 26),
(129, 13, 7),
(130, 14, 1),
(131, 14, 5),
(132, 14, 7),
(135, 2, 1),
(136, 2, 3),
(137, 2, 4),
(138, 15, 1),
(139, 15, 5),
(140, 16, 16),
(141, 16, 18),
(142, 16, 17),
(143, 16, 20),
(144, 16, 19),
(145, 17, 15),
(146, 17, 22),
(147, 17, 20),
(148, 17, 21),
(149, 19, 1),
(150, 19, 5),
(151, 19, 7),
(152, 20, 10),
(153, 20, 14),
(154, 20, 13),
(155, 20, 12),
(156, 21, 1),
(157, 21, 5);

-- --------------------------------------------------------

--
-- Tábla szerkezet ehhez a táblához `connuserorder`
--

CREATE TABLE `connuserorder` (
  `ID` int(11) NOT NULL,
  `userID` int(11) NOT NULL,
  `postalCode` int(4) NOT NULL,
  `city` varchar(64) NOT NULL,
  `address` varchar(256) NOT NULL,
  `phoneNumber` bigint(11) NOT NULL,
  `phoneName` varchar(64) NOT NULL,
  `phoneColorName` varchar(32) NOT NULL,
  `PhoneColorHex` varchar(7) NOT NULL,
  `phoneRam` int(4) NOT NULL,
  `phoneStorage` int(4) NOT NULL,
  `price` int(11) NOT NULL,
  `amount` int(11) NOT NULL,
  `status` int(11) NOT NULL
) ENGINE=InnoDB DEFAULT CHARSET=utf8mb4 COLLATE=utf8mb4_hungarian_ci;

--
-- A tábla adatainak kiíratása `connuserorder`
--

INSERT INTO `connuserorder` (`ID`, `userID`, `postalCode`, `city`, `address`, `phoneNumber`, `phoneName`, `phoneColorName`, `PhoneColorHex`, `phoneRam`, `phoneStorage`, `price`, `amount`, `status`) VALUES
(12, 4, 0, 'string', 'string', 0, 'Xiaomi 15', 'string', 'string', 0, 0, 0, 0, 0);

-- --------------------------------------------------------

--
-- Tábla szerkezet ehhez a táblához `cpu`
--

CREATE TABLE `cpu` (
  `ID` int(11) NOT NULL,
  `cpuName` varchar(64) DEFAULT NULL,
  `cpuMaxClockSpeed` int(11) DEFAULT NULL,
  `cpuCoreNumber` int(11) DEFAULT NULL,
  `cpuManufacturingTechnology` int(11) DEFAULT NULL
) ENGINE=InnoDB DEFAULT CHARSET=utf8mb4 COLLATE=utf8mb4_hungarian_ci;

--
-- A tábla adatainak kiíratása `cpu`
--

INSERT INTO `cpu` (`ID`, `cpuName`, `cpuMaxClockSpeed`, `cpuCoreNumber`, `cpuManufacturingTechnology`) VALUES
(1, 'Mediatek Dimensity 8200 Ultra', 3, 8, 4),
(2, 'Qualcomm Snapdragon 8 Gen 3 Leading Edition', 3, 8, 4),
(3, 'Snapdragon 8 Gen 3', 3, 8, 4),
(4, 'Apple A18 Pro', 5, 6, 3),
(5, 'Qualcomm Snapdragon 8 Elite', 4, 8, 3),
(6, 'Google Tensor G4', 3, 8, 4),
(7, 'Mediatek Dimensity 7300 Ultra', 2, 8, 4),
(8, '', 0, 0, 0),
(9, 'string', 0, 0, 0),
(10, 'Qualcomm Snapdragon 7s Gen 2', 2, 8, 4),
(11, 'Qualcomm Snapdragon 8s Gen 3', 3, 8, 4),
(12, 'Mediatek Dimensity 7300', 2, 0, 4),
(13, 'Qualcomm SM7450-AB Snapdragon 7 Gen 1 AE', 2, 1, 4),
(14, 'Mediatek Helio G99 Ultra', 2, 8, 6),
(15, 'Mediatek Dimensity 7025 Ultra', 2, 6, 6),
(16, 'Mediatek Helio G100 Ultra', 2, 8, 6),
(17, 'Qualcomm SM7635 Snapdragon 7s Gen 3', 2, 8, 4),
(18, 'Snapdragon 8 Elite', 4, 8, 3),
(19, 'Snapdragon® 8 Gen 3', 3, 8, 4);

-- --------------------------------------------------------

--
-- Tábla szerkezet ehhez a táblához `manufacturer`
--

CREATE TABLE `manufacturer` (
  `ID` int(11) NOT NULL,
  `manufacturerName` varchar(32) DEFAULT NULL,
  `manufacturerURL` varchar(256) DEFAULT NULL
) ENGINE=InnoDB DEFAULT CHARSET=utf8mb4 COLLATE=utf8mb4_hungarian_ci;

--
-- A tábla adatainak kiíratása `manufacturer`
--

INSERT INTO `manufacturer` (`ID`, `manufacturerName`, `manufacturerURL`) VALUES
(1, 'Xiaomi', ''),
(2, 'ZTE nubia', ''),
(3, 'Samsung', ''),
(4, 'Apple', ''),
(5, 'Honor', ''),
(6, 'Google', ''),
(7, '', ''),
(8, 'string', 'string'),
(9, 'Motorola', ''),
(10, 'Xiaomi ', '');

-- --------------------------------------------------------

--
-- Tábla szerkezet ehhez a táblához `parts`
--

CREATE TABLE `parts` (
  `ID` int(11) NOT NULL,
  `partName` varchar(16) NOT NULL,
  `partStock` int(11) NOT NULL
) ENGINE=InnoDB DEFAULT CHARSET=utf8mb4 COLLATE=utf8mb4_hungarian_ci;

--
-- A tábla adatainak kiíratása `parts`
--

INSERT INTO `parts` (`ID`, `partName`, `partStock`) VALUES
(1, 'csavar', 100);

-- --------------------------------------------------------

--
-- Tábla szerkezet ehhez a táblához `phonedatas`
--

CREATE TABLE `phonedatas` (
  `phoneID` int(11) NOT NULL,
  `manufacturerID` int(11) DEFAULT NULL,
  `phoneName` varchar(64) DEFAULT NULL,
  `cpuID` int(11) DEFAULT NULL,
  `phoneAntutu` int(11) DEFAULT NULL,
  `screenTypeID` int(11) DEFAULT NULL,
  `phoneResolutionHeight` int(11) DEFAULT NULL,
  `phoneResolutionWidth` int(11) DEFAULT NULL,
  `screenSize` decimal(10,2) DEFAULT NULL,
  `screenRefreshRate` int(11) DEFAULT NULL,
  `screenMaxBrightness` int(11) DEFAULT NULL,
  `screenSharpness` int(11) DEFAULT NULL,
  `connectionMaxWifi` int(11) DEFAULT NULL,
  `connectionMaxBluetooth` decimal(10,2) DEFAULT NULL,
  `connectionMaxMobileNetwork` int(11) DEFAULT NULL,
  `connectionDualSim` varchar(8) DEFAULT NULL,
  `connectionESim` varchar(8) DEFAULT NULL,
  `connectionNfc` varchar(8) DEFAULT NULL,
  `connectionConnectionSpeed` int(11) DEFAULT NULL,
  `connectionJack` varchar(8) DEFAULT NULL,
  `chargerTypeID` int(11) DEFAULT NULL,
  `sensorsFingerprintPlaceID` int(11) DEFAULT NULL,
  `sensorsFingerprintTypeID` int(11) DEFAULT NULL,
  `sensorsInfrared` varchar(8) DEFAULT NULL,
  `ramSpeedID` int(11) DEFAULT NULL,
  `storageSpeedID` int(11) DEFAULT NULL,
  `batteryTypeID` int(11) DEFAULT NULL,
  `batteryCapacity` int(11) DEFAULT NULL,
  `batteryMaxChargingWired` int(11) DEFAULT NULL,
  `batteryMaxChargingWireless` int(11) DEFAULT NULL,
  `caseHeight` decimal(10,2) DEFAULT NULL,
  `caseWidth` decimal(10,2) DEFAULT NULL,
  `caseThickness` decimal(10,2) DEFAULT NULL,
  `waterproofTypeID` int(11) DEFAULT NULL,
  `backMaterialID` int(11) DEFAULT NULL,
  `speakerTypeID` int(11) DEFAULT NULL,
  `phoneWeight` decimal(10,2) DEFAULT NULL,
  `phoneReleaseDate` date DEFAULT NULL,
  `phonePrice` int(11) DEFAULT NULL,
  `phoneInStore` varchar(8) DEFAULT NULL,
  `phoneInStoreAmount` int(11) DEFAULT NULL,
  `phonePopularity` int(11) DEFAULT NULL,
  `phoneDeleted` int(11) NOT NULL
) ENGINE=InnoDB DEFAULT CHARSET=utf8mb4 COLLATE=utf8mb4_hungarian_ci;

--
-- A tábla adatainak kiíratása `phonedatas`
--

INSERT INTO `phonedatas` (`phoneID`, `manufacturerID`, `phoneName`, `cpuID`, `phoneAntutu`, `screenTypeID`, `phoneResolutionHeight`, `phoneResolutionWidth`, `screenSize`, `screenRefreshRate`, `screenMaxBrightness`, `screenSharpness`, `connectionMaxWifi`, `connectionMaxBluetooth`, `connectionMaxMobileNetwork`, `connectionDualSim`, `connectionESim`, `connectionNfc`, `connectionConnectionSpeed`, `connectionJack`, `chargerTypeID`, `sensorsFingerprintPlaceID`, `sensorsFingerprintTypeID`, `sensorsInfrared`, `ramSpeedID`, `storageSpeedID`, `batteryTypeID`, `batteryCapacity`, `batteryMaxChargingWired`, `batteryMaxChargingWireless`, `caseHeight`, `caseWidth`, `caseThickness`, `waterproofTypeID`, `backMaterialID`, `speakerTypeID`, `phoneWeight`, `phoneReleaseDate`, `phonePrice`, `phoneInStore`, `phoneInStoreAmount`, `phonePopularity`, `phoneDeleted`) VALUES
(1, 1, 'Xiaomi 13T', 1, 905365, 1, 2712, 1220, 6.67, 144, 2600, 466, 7, 5.30, 5, 'van', 'van', 'van', 2, 'nincs', 1, 1, 1, 'van', 1, 1, 1, 5000, 67, 0, 162.20, 75.50, 8.49, 1, 1, 1, 193.00, '2023-09-26', 135000, 'nincs', 0, 90, 0),
(2, 2, 'ZTE nubia Red Magic 9S Pro', 2, 2369542, 1, 2480, 1116, 2.80, 120, 1600, 400, 7, 5.20, 5, 'van', 'nincs', 'van', 3, 'van', 1, 1, 1, 'van', 2, 2, 2, 6500, 80, 0, 164.00, 86.40, 9.80, 2, 2, 1, 229.00, '2024-07-09', 341270, 'nincs', 0, 80, 0),
(3, 3, 'Samsung Galaxy S24 Ultra', 3, 1814869, 2, 2480, 1116, 6.80, 120, 2600, 505, 7, 5.30, 5, 'van', 'van', 'van', 3, 'nincs', 1, 1, 2, 'nincs', 2, 2, 3, 5000, 45, 15, 162.30, 79.00, 8.60, 1, 2, 1, 233.00, '2025-02-03', 338640, 'nincs', 0, 70, 0),
(4, 4, 'Apple iPhone 16 Pro Max', 4, 1753018, 3, 2868, 1320, 6.90, 120, 2000, 460, 7, 5.30, 5, 'van', 'van', 'van', 3, 'nincs', 1, 2, 3, 'nincs', 3, 3, 1, 4685, 25, 25, 163.00, 77.60, 8.25, 1, 2, 1, 227.00, '2024-09-20', 546940, 'nincs', 0, 60, 0),
(5, 3, 'Samsung Galaxy S25 Ultra', 5, 2265528, 4, 3120, 1440, 6.86, 120, 2600, 505, 7, 5.40, 5, 'van', 'van', 'van', 3, 'nincs', 1, 1, 2, 'nincs', 2, 2, 3, 5000, 45, 15, 162.80, 77.60, 8.20, 1, 2, 1, 218.00, '2025-02-03', 359020, 'van', 0, 100, 0),
(6, 5, 'Honor Magic7 Pro', 5, 3040000, 5, 2800, 1280, 6.80, 120, 5000, 453, 7, 5.40, 5, 'van', 'van', 'van', 3, 'nincs', 1, 1, 2, 'van', 2, 2, 3, 5270, 100, 80, 162.70, 77.10, 8.80, 3, 2, 1, 223.00, '2024-11-08', 320640, 'nincs', 0, 50, 0),
(7, 6, 'Google Pixel 9 Pro XL', 6, 1148512, 5, 1344, 2992, 6.80, 120, 3000, 482, 7, 5.30, 5, 'van', 'van', 'van', 3, 'nincs', 1, 1, 2, 'nincs', 3, 1, 3, 5060, 37, 23, 162.75, 76.59, 8.54, 1, 2, 1, 210.00, '2024-08-22', 372990, 'van', 0, 40, 0),
(8, 1, 'Xiaomi Redmi Note 14 Pro 5G', 7, 704404, 1, 2712, 1220, 6.67, 120, 3000, 446, 6, 5.40, 5, 'van', 'van', 'van', 2, 'nincs', 1, 3, 1, 'van', 5, 4, 2, 5110, 45, 0, 162.30, 74.40, 8.20, 1, 2, 1, 190.00, '2025-01-15', 84160, 'nincs', 0, 30, 0),
(10, 1, 'Xiaomi Redmi Note 14 4G', 14, 116000, 9, 2400, 1080, 6.67, 120, 1200, 395, 5, 5.30, 4, 'van', 'nincs', 'van', 2, 'van', 1, 3, 1, 'van', 5, 6, 6, 5500, 33, 0, 163.30, 76.60, 8.20, 7, 5, 1, 196.50, '2024-02-25', 57800, 'nincs', 0, NULL, 0),
(11, 10, 'Xiaomi Redmi Note 14 5G', 15, 463129, 9, 2400, 1080, 6.67, 120, 1200, 395, 5, 5.30, 5, 'van', 'nincs', 'van', 2, 'van', 1, 3, 1, 'van', 5, 6, 7, 5110, 45, 0, 162.40, 75.70, 7.99, 8, 5, 1, 190.00, '2025-01-16', 75600, 'nincs', 0, NULL, 0),
(12, 10, 'Xiaomi Redmi Note 14S', 14, 450000, 9, 2400, 1080, 6.67, 120, 1300, 395, 5, 5.30, 4, 'van', 'nincs', 'van', 2, 'nincs', 1, 3, 1, 'van', 5, 6, 7, 5000, 67, 0, 161.10, 75.00, 8.00, 8, 5, 1, 179.00, '2025-03-14', 64800, 'nincs', 0, NULL, 0),
(13, 10, 'Xiaomi Redmi Note 14 Pro 4G', 16, 423868, 9, 2400, 1080, 6.67, 120, 1800, 395, 5, 5.30, 4, 'van', 'nincs', 'van', 2, 'van', 1, 3, 1, 'van', 5, 6, 7, 5500, 45, 0, 162.20, 74.90, 8.20, 8, 5, 1, 180.00, '2025-01-16', 73990, 'nincs', 0, NULL, 0),
(14, 10, 'Xiaomi Redmi Note 14 Pro+ 5G', 17, 750292, 9, 2712, 1220, 6.67, 120, 3000, 446, 5, 5.40, 5, 'van', 'van', 'van', 2, 'van', 1, 3, 1, 'van', 5, 6, 7, 5110, 120, 0, 162.50, 74.70, 8.80, 6, 2, 1, 205.00, '2025-01-15', 102490, 'nincs', 0, NULL, 0),
(15, 1, 'Xiaomi 14', 19, 2089308, 1, 2670, 1200, 6.36, 120, 3000, 460, 7, 5.40, 5, 'van', 'van', 'van', 3, 'nincs', 1, 5, 1, 'van', 2, 7, 1, 4610, 90, 50, 152.80, 71.50, 8.20, 1, 2, 1, 193.00, '2023-10-01', 299990, 'nincs', 0, NULL, 0),
(16, 9, 'Motorola Edge 50 Fusion', 10, 603451, 8, 2400, 1080, 6.67, 144, 1600, 393, 5, 5.30, 5, 'van', 'nincs', 'van', 2, 'nincs', 1, 3, 1, 'nincs', 5, 4, 2, 5000, 68, 0, 161.91, 73.05, 7.76, 1, 3, 1, 175.00, '2024-05-15', 91820, 'nincs', 0, NULL, 0),
(17, 9, 'Motorola Edge 50 Ultra', 11, 1523879, 8, 2712, 1220, 6.70, 144, 2500, 444, 7, 5.40, 5, 'van', 'nincs', 'van', 3, 'nincs', 1, 3, 1, 'nincs', 2, 2, 2, 4500, 125, 50, 161.08, 72.37, 8.59, 1, 3, 1, 197.00, '2024-05-15', 217160, 'nincs', 0, NULL, 0),
(18, 9, 'Motorola Edge 50 Neo', 12, 696931, 8, 2670, 1200, 6.40, 120, 3000, 460, 0, 5.30, 0, 'nincs', 'nincs', 'van', 2, 'nincs', 1, 3, 1, 'nincs', 3, 2, 2, 4310, 68, 15, 154.10, 71.20, 8.10, 1, 3, 1, 171.00, '2024-08-29', 117000, 'nincs', 0, NULL, 0),
(19, 9, 'Motorola Edge 50', 13, 722062, 8, 2712, 1220, 6.70, 120, 1600, 446, 0, 5.20, 0, 'nincs', 'nincs', 'van', 2, 'nincs', 1, 3, 1, 'nincs', 3, 4, 2, 5000, 68, 15, 160.80, 72.40, 7.80, 1, 3, 1, 180.00, '2024-08-08', 108000, 'nincs', 0, NULL, 0),
(20, 6, 'Google Pixel 9 Pro', 6, 1148512, 8, 2856, 1280, 6.30, 120, 2400, 497, 7, 5.30, 5, 'van', 'nincs', 'van', 3, 'nincs', 1, 3, 2, 'nincs', 3, 1, 5, 4700, 27, 21, 152.80, 72.90, 8.50, 1, 3, 1, 199.00, '2024-09-09', 335000, 'nincs', 0, NULL, 0),
(21, 1, 'Xiaomi 15', 18, 2746580, 2, 2670, 1200, 6.36, 120, 3200, 460, 7, 6.00, 5, 'van', 'nincs', 'van', 3, 'nincs', 1, 5, 2, 'van', 2, 7, 3, 5240, 90, 50, 152.30, 71.20, 8.08, 1, 2, 1, 190.50, '2024-10-29', 255590, 'nincs', 0, NULL, 0),
(22, 1, 'Xiaomi 15 Ultra', 18, 2746580, 2, 3200, 1400, 6.73, 120, 3200, 522, 7, 6.00, 5, 'van', 'van', 'van', 3, 'nincs', 1, 5, 2, 'van', 2, 8, 3, 5410, 90, 80, 161.30, 75.30, 9.35, 1, 2, 1, 229.00, '2025-02-27', 374790, 'nincs', 0, NULL, 0),
(23, 7, 'teszt3', 8, 0, 2, 0, 0, 0.00, 0, 0, 0, 0, 0.00, 0, 'nincs', 'nincs', 'nincs', 0, 'nincs', 1, 2, 3, 'nincs', 3, 3, 2, 0, 0, 0, 10.15, 10.15, 10.15, 4, 3, 2, 0.00, '0000-00-00', 0, 'nincs', 0, NULL, 0),
(24, 7, 'teszt4', 8, 0, 2, 0, 0, 0.00, 0, 0, 0, 0, 0.00, 0, 'nincs', 'nincs', 'nincs', 0, 'nincs', 1, 2, 3, 'nincs', 3, 3, 2, 0, 0, 0, 10.15, 10.15, 10.15, 4, 3, 2, 0.00, '0000-00-00', 0, 'nincs', 0, NULL, 0);

-- --------------------------------------------------------

--
-- Tábla szerkezet ehhez a táblához `phonepictures`
--

CREATE TABLE `phonepictures` (
  `ID` int(11) NOT NULL,
  `phoneID` int(11) NOT NULL,
  `pictureFront` mediumblob DEFAULT NULL,
  `pictureBack` mediumblob DEFAULT NULL,
  `pictureTop` mediumblob DEFAULT NULL,
  `pictureBottom` mediumblob DEFAULT NULL
) ENGINE=InnoDB DEFAULT CHARSET=utf8mb4 COLLATE=utf8mb4_hungarian_ci;

-- --------------------------------------------------------

--
-- Tábla szerkezet ehhez a táblához `postalcode`
--

CREATE TABLE `postalcode` (
  `Iranyitoszam` int(4) DEFAULT NULL,
  `Telepules` varchar(20) DEFAULT NULL,
  `Megye` varchar(22) DEFAULT NULL
) ENGINE=InnoDB DEFAULT CHARSET=utf8 COLLATE=utf8_general_ci;

--
-- A tábla adatainak kiíratása `postalcode`
--

INSERT INTO `postalcode` (`Iranyitoszam`, `Telepules`, `Megye`) VALUES
(8128, 'Aba', 'Fejér'),
(8127, 'Aba', 'Fejér'),
(5241, 'Abádszalók', 'Jász-Nagykun-Szolnok'),
(7678, 'Abaliget', 'Baranya'),
(3261, 'Abasár', 'Heves'),
(3882, 'Abaújalpár', 'Borsod-Abaúj-Zemplén'),
(3882, 'Abaújkér', 'Borsod-Abaúj-Zemplén'),
(3815, 'Abaújlak', 'Borsod-Abaúj-Zemplén'),
(3881, 'Abaújszántó', 'Borsod-Abaúj-Zemplén'),
(3809, 'Abaújszolnok', 'Borsod-Abaúj-Zemplén'),
(3898, 'Abaújvár', 'Borsod-Abaúj-Zemplén'),
(9151, 'Abda', 'Győr-Moson-Sopron'),
(3753, 'Abod', 'Borsod-Abaúj-Zemplén'),
(2740, 'Abony', 'Pest'),
(8256, 'Ábrahámhegy', 'Veszprém'),
(2941, 'Ács', 'Komárom-Esztergom'),
(2683, 'Acsa', 'Pest'),
(9746, 'Acsád', 'Vas'),
(9168, 'Acsalag', 'Győr-Moson-Sopron'),
(2887, 'Ácsteszér', 'Komárom-Esztergom'),
(3292, 'Adács', 'Heves'),
(8653, 'Ádánd', 'Somogy'),
(8561, 'Adásztevel', 'Veszprém'),
(2457, 'Adony', 'Fejér'),
(8497, 'Adorjánháza', 'Veszprém'),
(7841, 'Adorjás', 'Baranya'),
(7381, 'Ág', 'Baranya'),
(6076, 'Ágasegyháza', 'Bács-Kiskun'),
(9423, 'Ágfalva', 'Győr-Moson-Sopron'),
(3759, 'Aggtelek', 'Borsod-Abaúj-Zemplén'),
(9441, 'Agyagosszergény', 'Győr-Moson-Sopron'),
(4524, 'Ajak', 'Szabolcs-Szatmár-Bereg'),
(8447, 'Ajka', 'Veszprém'),
(8448, 'Ajka', 'Veszprém'),
(8451, 'Ajka', 'Veszprém'),
(8400, 'Ajka', 'Veszprém'),
(2862, 'Aka', 'Komárom-Esztergom'),
(6221, 'Akasztó', 'Bács-Kiskun'),
(3779, 'Alacska', 'Borsod-Abaúj-Zemplén'),
(7011, 'Alap', 'Fejér'),
(5142, 'Alattyán', 'Jász-Nagykun-Szolnok'),
(2730, 'Albertirsa', 'Pest'),
(8087, 'Alcsútdoboz', 'Fejér'),
(3353, 'Aldebrő', 'Heves'),
(6750, 'Algyő', 'Csongrád'),
(8921, 'Alibánfa', 'Zala'),
(7934, 'Almamellék', 'Baranya'),
(2931, 'Almásfüzitő', 'Komárom-Esztergom'),
(8935, 'Almásháza', 'Zala'),
(5747, 'Almáskamarás', 'Békés'),
(7932, 'Almáskeresztúr', 'Baranya'),
(4285, 'Álmosd', 'Hajdú-Bihar'),
(3985, 'Alsóberecki', 'Borsod-Abaúj-Zemplén'),
(7443, 'Alsóbogát', 'Somogy'),
(3717, 'Alsódobsza', 'Borsod-Abaúj-Zemplén'),
(3837, 'Alsógagy', 'Borsod-Abaúj-Zemplén'),
(7345, 'Alsómocsolád', 'Baranya'),
(7147, 'Alsónána', 'Tolna'),
(2351, 'Alsónémedi', 'Pest'),
(8924, 'Alsónemesapáti', 'Zala'),
(7148, 'Alsónyék', 'Tolna'),
(8226, 'Alsóörs', 'Veszprém'),
(8394, 'Alsópáhok', 'Zala'),
(2617, 'Alsópetény', 'Nógrád'),
(8767, 'Alsórajk', 'Zala'),
(3989, 'Alsóregmec', 'Borsod-Abaúj-Zemplén'),
(8973, 'Alsószenterzsébet', 'Zala'),
(7012, 'Alsószentiván', 'Fejér'),
(7826, 'Alsószentmárton', 'Baranya'),
(9983, 'Alsószölnök', 'Vas'),
(3726, 'Alsószuha', 'Borsod-Abaúj-Zemplén'),
(3735, 'Alsótelekes', 'Borsod-Abaúj-Zemplén'),
(3069, 'Alsótold', 'Nógrád'),
(9842, 'Alsóújlak', 'Vas'),
(3811, 'Alsóvadász', 'Borsod-Abaúj-Zemplén'),
(3571, 'Alsózsolca', 'Borsod-Abaúj-Zemplén'),
(6916, 'Ambrózfalva', 'Csongrád'),
(4546, 'Anarcs', 'Szabolcs-Szatmár-Bereg'),
(8675, 'Andocs', 'Somogy'),
(3399, 'Andornaktálya', 'Heves'),
(9811, 'Andrásfa', 'Vas'),
(2529, 'Annavölgy', 'Komárom-Esztergom'),
(8477, 'Apácatorna', 'Veszprém'),
(4553, 'Apagy', 'Szabolcs-Szatmár-Bereg'),
(2345, 'Apaj', 'Pest'),
(7186, 'Aparhant', 'Tolna'),
(6931, 'Apátfalva', 'Csongrád'),
(9982, 'Apátistvánfalva', 'Vas'),
(7720, 'Apátvarasd', 'Baranya'),
(3032, 'Apc', 'Heves'),
(2338, 'Áporka', 'Pest'),
(6088, 'Apostag', 'Bács-Kiskun'),
(4634, 'Aranyosapáti', 'Szabolcs-Szatmár-Bereg'),
(7671, 'Aranyosgadány', 'Baranya'),
(3885, 'Arka', 'Borsod-Abaúj-Zemplén'),
(3663, 'Arló', 'Borsod-Abaúj-Zemplén'),
(3713, 'Arnót', 'Borsod-Abaúj-Zemplén'),
(3467, 'Ároktő', 'Borsod-Abaúj-Zemplén'),
(6623, 'Árpádhalom', 'Csongrád'),
(9132, 'Árpás', 'Győr-Moson-Sopron'),
(4115, 'Ártánd', 'Hajdú-Bihar'),
(6783, 'Ásotthalom', 'Csongrád'),
(9177, 'Ásványráró', 'Győr-Moson-Sopron'),
(3841, 'Aszaló', 'Borsod-Abaúj-Zemplén'),
(2170, 'Aszód', 'Pest'),
(8241, 'Aszófő', 'Veszprém'),
(7763, 'Áta', 'Baranya'),
(3371, 'Átány', 'Heves'),
(3213, 'Atkár', 'Heves'),
(7252, 'Attala', 'Tolna'),
(7757, 'Babarc', 'Baranya'),
(7814, 'Babarcszőlős', 'Baranya'),
(7584, 'Babócsa', 'Somogy'),
(2943, 'Bábolna', 'Komárom-Esztergom'),
(8658, 'Bábonymegyer', 'Somogy'),
(8983, 'Babosdöbréte', 'Zala'),
(9351, 'Babót', 'Győr-Moson-Sopron'),
(6430, 'Bácsalmás', 'Bács-Kiskun'),
(6453, 'Bácsbokod', 'Bács-Kiskun'),
(6454, 'Bácsborsód', 'Bács-Kiskun'),
(6511, 'Bácsszentgyörgy', 'Bács-Kiskun'),
(6425, 'Bácsszőlős', 'Bács-Kiskun'),
(8261, 'Badacsonytomaj', 'Veszprém'),
(8257, 'Badacsonytomaj', 'Veszprém'),
(8258, 'Badacsonytomaj', 'Veszprém'),
(8262, 'Badacsonytördemic', 'Veszprém'),
(8263, 'Badacsonytördemic', 'Veszprém'),
(2191, 'Bag', 'Pest'),
(4286, 'Bagamér', 'Hajdú-Bihar'),
(8977, 'Baglad', 'Zala'),
(8992, 'Bagod', 'Zala'),
(9145, 'Bágyogszovát', 'Győr-Moson-Sopron'),
(2836, 'Baj', 'Komárom-Esztergom'),
(6503, 'Baja', 'Bács-Kiskun'),
(6500, 'Baja', 'Bács-Kiskun'),
(9944, 'Bajánsenye', 'Vas'),
(2525, 'Bajna', 'Komárom-Esztergom'),
(2533, 'Bajót', 'Komárom-Esztergom'),
(8945, 'Bak', 'Zala'),
(7585, 'Bakháza', 'Somogy'),
(7393, 'Bakóca', 'Baranya'),
(4164, 'Bakonszeg', 'Hajdú-Bihar'),
(7675, 'Bakonya', 'Baranya'),
(2885, 'Bakonybánk', 'Komárom-Esztergom'),
(8427, 'Bakonybél', 'Veszprém'),
(8056, 'Bakonycsernye', 'Fejér'),
(8433, 'Bakonygyirót', 'Veszprém'),
(8581, 'Bakonyjákó', 'Veszprém'),
(8571, 'Bakonykoppány', 'Veszprém'),
(8045, 'Bakonykúti', 'Fejér'),
(8422, 'Bakonynána', 'Veszprém'),
(8418, 'Bakonyoszlop', 'Veszprém'),
(9088, 'Bakonypéterd', 'Győr-Moson-Sopron'),
(8457, 'Bakonypölöske', 'Veszprém'),
(8557, 'Bakonyság', 'Veszprém'),
(2861, 'Bakonysárkány', 'Komárom-Esztergom'),
(8557, 'Bakonyszentiván', 'Veszprém'),
(8430, 'Bakonyszentkirály', 'Veszprém'),
(8431, 'Bakonyszentlászló', 'Veszprém'),
(2884, 'Bakonyszombathely', 'Komárom-Esztergom'),
(8572, 'Bakonyszücs', 'Veszprém'),
(8555, 'Bakonytamási', 'Veszprém'),
(6768, 'Baks', 'Csongrád'),
(7834, 'Baksa', 'Baranya'),
(3836, 'Baktakék', 'Borsod-Abaúj-Zemplén'),
(4561, 'Baktalórántháza', 'Szabolcs-Szatmár-Bereg'),
(8946, 'Baktüttös', 'Zala'),
(3780, 'Balajt', 'Borsod-Abaúj-Zemplén'),
(2660, 'Balassagyarmat', 'Nógrád'),
(6764, 'Balástya', 'Csongrád'),
(3347, 'Balaton', 'Heves'),
(8243, 'Balatonakali', 'Veszprém'),
(8220, 'Balatonalmádi', 'Veszprém'),
(8649, 'Balatonberény', 'Somogy'),
(8691, 'Balatonboglár', 'Somogy'),
(8630, 'Balatonboglár', 'Somogy'),
(8272, 'Balatoncsicsó', 'Veszprém'),
(8312, 'Balatonederics', 'Veszprém'),
(8613, 'Balatonendréd', 'Somogy'),
(8646, 'Balatonfenyves', 'Somogy'),
(8164, 'Balatonfőkajár', 'Veszprém'),
(8623, 'Balatonföldvár', 'Somogy'),
(8236, 'Balatonfüred', 'Veszprém'),
(8230, 'Balatonfüred', 'Veszprém'),
(8184, 'Balatonfűzfő', 'Veszprém'),
(8175, 'Balatonfűzfő', 'Veszprém'),
(8313, 'Balatongyörök', 'Zala'),
(8275, 'Balatonhenye', 'Veszprém'),
(8172, 'Balatonkenese', 'Veszprém'),
(8174, 'Balatonkenese', 'Veszprém'),
(8648, 'Balatonkeresztúr', 'Somogy'),
(8638, 'Balatonlelle', 'Somogy'),
(8753, 'Balatonmagyaród', 'Zala'),
(8647, 'Balatonmáriafürdő', 'Somogy'),
(8637, 'Balatonőszöd', 'Somogy'),
(8255, 'Balatonrendes', 'Veszprém'),
(8651, 'Balatonszabadi', 'Somogy'),
(8624, 'Balatonszárszó', 'Somogy'),
(8636, 'Balatonszemes', 'Somogy'),
(8710, 'Balatonszentgyörgy', 'Somogy'),
(8252, 'Balatonszepezd', 'Veszprém'),
(8233, 'Balatonszőlős', 'Veszprém'),
(8242, 'Balatonudvari', 'Veszprém'),
(8712, 'Balatonújlak', 'Somogy'),
(8171, 'Balatonvilágos', 'Veszprém'),
(8054, 'Balinka', 'Fejér'),
(8055, 'Balinka', 'Fejér'),
(4233, 'Balkány', 'Szabolcs-Szatmár-Bereg'),
(6035, 'Ballószög', 'Bács-Kiskun'),
(4060, 'Balmazújváros', 'Hajdú-Bihar'),
(9771, 'Balogunyom', 'Vas'),
(6412, 'Balotaszállás', 'Bács-Kiskun'),
(4468, 'Balsa', 'Szabolcs-Szatmár-Bereg'),
(8614, 'Bálványos', 'Somogy'),
(2944, 'Bana', 'Komárom-Esztergom'),
(8443, 'Bánd', 'Veszprém'),
(7914, 'Bánfa', 'Baranya'),
(3642, 'Bánhorváti', 'Borsod-Abaúj-Zemplén'),
(2653, 'Bánk', 'Nógrád'),
(8891, 'Bánokszentgyörgy', 'Zala'),
(3654, 'Bánréve', 'Borsod-Abaúj-Zemplén'),
(7711, 'Bár', 'Baranya'),
(4937, 'Barabás', 'Szabolcs-Szatmár-Bereg'),
(2427, 'Baracs', 'Fejér'),
(2426, 'Baracs', 'Fejér'),
(2471, 'Baracska', 'Fejér'),
(4161, 'Báránd', 'Hajdú-Bihar'),
(7841, 'Baranyahidvég', 'Baranya'),
(7384, 'Baranyajenő', 'Baranya'),
(7383, 'Baranyaszentgyörgy', 'Baranya'),
(9169, 'Barbacs', 'Győr-Moson-Sopron'),
(7557, 'Barcs', 'Somogy'),
(7570, 'Barcs', 'Somogy'),
(7478, 'Bárdudvarnok', 'Somogy'),
(8948, 'Barlahida', 'Zala'),
(3126, 'Bárna', 'Nógrád'),
(8291, 'Barnag', 'Veszprém'),
(2883, 'Bársonyos', 'Komárom-Esztergom'),
(7923, 'Basal', 'Baranya'),
(3881, 'Baskó', 'Borsod-Abaúj-Zemplén'),
(7149, 'Báta', 'Tolna'),
(7164, 'Bátaapáti', 'Tolna'),
(7140, 'Bátaszék', 'Tolna'),
(7258, 'Baté', 'Somogy'),
(6528, 'Bátmonostor', 'Bács-Kiskun'),
(3078, 'Bátonyterenye', 'Nógrád'),
(3070, 'Bátonyterenye', 'Nógrád'),
(3151, 'Bátonyterenye', 'Nógrád'),
(3336, 'Bátor', 'Heves'),
(4343, 'Bátorliget', 'Szabolcs-Szatmár-Bereg'),
(5830, 'Battonya', 'Békés'),
(6351, 'Bátya', 'Bács-Kiskun'),
(8797, 'Batyk', 'Zala'),
(8887, 'Bázakerettye', 'Zala'),
(8352, 'Bazsi', 'Veszprém'),
(8565, 'Béb', 'Veszprém'),
(8866, 'Becsehely', 'Zala'),
(2693, 'Becske', 'Nógrád'),
(3768, 'Becskeháza', 'Borsod-Abaúj-Zemplén'),
(8985, 'Becsvölgye', 'Zala'),
(8666, 'Bedegkér', 'Somogy'),
(4128, 'Bedő', 'Hajdú-Bihar'),
(9683, 'Bejcgyertyános', 'Vas'),
(8515, 'Békás', 'Veszprém'),
(3903, 'Bekecs', 'Borsod-Abaúj-Zemplén'),
(5630, 'Békés', 'Békés'),
(5623, 'Békéscsaba', 'Békés'),
(5671, 'Békéscsaba', 'Békés'),
(5600, 'Békéscsaba', 'Békés'),
(5946, 'Békéssámson', 'Békés'),
(5561, 'Békésszentandrás', 'Békés'),
(3343, 'Bekölce', 'Heves'),
(3346, 'Bélapátfalva', 'Heves'),
(7589, 'Bélavár', 'Somogy'),
(7061, 'Belecska', 'Tolna'),
(9343, 'Beled', 'Győr-Moson-Sopron'),
(7543, 'Beleg', 'Somogy'),
(8855, 'Belezna', 'Zala'),
(5643, 'Bélmegyer', 'Békés'),
(2455, 'Beloiannisz', 'Fejér'),
(8978, 'Belsősárd', 'Zala'),
(7747, 'Belvárdgyula', 'Baranya'),
(4643, 'Benk', 'Szabolcs-Szatmár-Bereg'),
(2216, 'Bénye', 'Pest'),
(3045, 'Bér', 'Nógrád'),
(9831, 'Bérbaltavár', 'Vas'),
(2687, 'Bercel', 'Nógrád'),
(4934, 'Beregdaróc', 'Szabolcs-Szatmár-Bereg'),
(4933, 'Beregsurány', 'Szabolcs-Szatmár-Bereg'),
(4116, 'Berekböszörmény', 'Hajdú-Bihar'),
(5309, 'Berekfürdő', 'Jász-Nagykun-Szolnok'),
(7827, 'Beremend', 'Baranya'),
(3704, 'Berente', 'Borsod-Abaúj-Zemplén'),
(3834, 'Beret', 'Borsod-Abaúj-Zemplén'),
(4103, 'Berettyóújfalu', 'Hajdú-Bihar'),
(4100, 'Berettyóújfalu', 'Hajdú-Bihar'),
(8182, 'Berhida', 'Veszprém'),
(8181, 'Berhida', 'Veszprém'),
(2641, 'Berkenye', 'Nógrád'),
(7664, 'Berkesd', 'Baranya'),
(4521, 'Berkesz', 'Szabolcs-Szatmár-Bereg'),
(2639, 'Bernecebaráti', 'Pest'),
(3575, 'Berzék', 'Borsod-Abaúj-Zemplén'),
(7516, 'Berzence', 'Somogy'),
(7838, 'Besence', 'Baranya'),
(4557, 'Besenyőd', 'Szabolcs-Szatmár-Bereg'),
(3373, 'Besenyőtelek', 'Heves'),
(5071, 'Besenyszög', 'Jász-Nagykun-Szolnok'),
(2456, 'Besnyő', 'Fejér'),
(4488, 'Beszterec', 'Szabolcs-Szatmár-Bereg'),
(7782, 'Bezedek', 'Baranya'),
(9223, 'Bezenye', 'Győr-Moson-Sopron'),
(8934, 'Bezeréd', 'Zala'),
(9162, 'Bezi', 'Győr-Moson-Sopron'),
(2051, 'Biatorbágy', 'Pest'),
(7671, 'Bicsérd', 'Baranya'),
(2060, 'Bicske', 'Fejér'),
(4175, 'Bihardancsháza', 'Hajdú-Bihar'),
(4110, 'Biharkeresztes', 'Hajdú-Bihar'),
(4172, 'Biharnagybajom', 'Hajdú-Bihar'),
(4174, 'Bihartorda', 'Hajdú-Bihar'),
(5538, 'Biharugra', 'Békés'),
(7043, 'Bikács', 'Tolna'),
(7346, 'Bikal', 'Baranya'),
(4235, 'Biri', 'Szabolcs-Szatmár-Bereg'),
(7747, 'Birján', 'Baranya'),
(7811, 'Bisse', 'Baranya'),
(9625, 'Bő', 'Vas'),
(9542, 'Boba', 'Zala'),
(8943, 'Bocfölde', 'Heves'),
(3368, 'Boconád', 'Bács-Kiskun'),
(3574, 'Bőcs', 'Zala'),
(6235, 'Bócsa', 'Hajdú-Bihar'),
(8776, 'Bocska', 'Baranya'),
(4241, 'Bocskaikert', 'Fejér'),
(7672, 'Boda', 'Fejér'),
(8053, 'Bodajk', 'Baranya'),
(8991, 'Böde', 'Győr-Moson-Sopron'),
(8969, 'Bödeháza', 'Heves'),
(8085, 'Bodmér', 'Veszprém'),
(7394, 'Bodolyabér', 'Somogy'),
(9134, 'Bodonhely', 'Borsod-Abaúj-Zemplén'),
(3243, 'Bodony', 'Borsod-Abaúj-Zemplén'),
(8471, 'Bodorfa', 'Borsod-Abaúj-Zemplén'),
(7439, 'Bodrog', 'Borsod-Abaúj-Zemplén'),
(3987, 'Bodroghalom', 'Borsod-Abaúj-Zemplén'),
(3916, 'Bodrogkeresztúr', 'Borsod-Abaúj-Zemplén'),
(3917, 'Bodrogkisfalud', 'Borsod-Abaúj-Zemplén'),
(3943, 'Bodrogolaszi', 'Borsod-Abaúj-Zemplén'),
(3768, 'Bódvalenke', 'Baranya'),
(3764, 'Bódvarákó', 'Baranya'),
(3763, 'Bódvaszilas', 'Baranya'),
(3412, 'Bogács', 'Tolna'),
(7742, 'Bogád', 'Győr-Moson-Sopron'),
(7836, 'Bogádmindszent', 'Hajdú-Bihar'),
(7966, 'Bogdása', 'Zala'),
(9612, 'Bögöt', 'Komárom-Esztergom'),
(9675, 'Bögöte', 'Nógrád'),
(7132, 'Bogyiszló', 'Heves'),
(9324, 'Bogyoszló', 'Baranya'),
(8719, 'Böhönye', 'Borsod-Abaúj-Zemplén'),
(4114, 'Bojt', 'Borsod-Abaúj-Zemplén'),
(8741, 'Bókaháza', 'Borsod-Abaúj-Zemplén'),
(2855, 'Bokod', 'Somogy'),
(4231, 'Bököny', 'Somogy'),
(3066, 'Bokor', 'Baranya'),
(7025, 'Bölcske', 'Zala'),
(3016, 'Boldog', 'Somogy'),
(7937, 'Boldogasszonyfa', 'Tolna'),
(3884, 'Boldogkőújfalu', 'Tolna'),
(3885, 'Boldogkőváralja', 'Tolna'),
(3794, 'Boldva', 'Csongrád'),
(7517, 'Bolhás', 'Vas'),
(7586, 'Bolhó', 'Baranya'),
(7754, 'Bóly', 'Bács-Kiskun'),
(8992, 'Boncodfölde', 'Zala'),
(7281, 'Bonnya', 'Borsod-Abaúj-Zemplén'),
(9073, 'Bőny', 'Borsod-Abaúj-Zemplén'),
(7187, 'Bonyhád', 'Borsod-Abaúj-Zemplén'),
(7150, 'Bonyhád', 'Borsod-Abaúj-Zemplén'),
(7158, 'Bonyhádvarasd', 'Borsod-Abaúj-Zemplén'),
(9152, 'Börcs', 'Borsod-Abaúj-Zemplén'),
(6795, 'Bordány', 'Borsod-Abaúj-Zemplén'),
(9554, 'Borgáta', 'Nógrád'),
(7756, 'Borjád', 'Veszprém'),
(6445, 'Borota', 'Veszprém'),
(8885, 'Borsfa', 'Baranya'),
(3658, 'Borsodbóta', 'Szabolcs-Szatmár-Bereg'),
(3426, 'Borsodgeszt', 'Baranya'),
(3462, 'Borsodivánka', 'Vas'),
(3672, 'Borsodnádasd', 'Vas'),
(3671, 'Borsodnádasd', 'Borsod-Abaúj-Zemplén'),
(3623, 'Borsodszentgyörgy', 'Vas'),
(3796, 'Borsodszirák', 'Borsod-Abaúj-Zemplén'),
(2644, 'Borsosberény', 'Zala'),
(8479, 'Borszörcsök', 'Zala'),
(8428, 'Borzavár', 'Vas'),
(8772, 'Börzönce', 'Vas'),
(9167, 'Bősárkány', 'Somogy'),
(7811, 'Bosta', 'Szabolcs-Szatmár-Bereg'),
(7475, 'Bőszénfa', 'Tolna'),
(4955, 'Botpalád', 'Győr-Moson-Sopron'),
(7900, 'Botykapeterd', 'Győr-Moson-Sopron'),
(9727, 'Bozsok', 'Zala'),
(3994, 'Bózsva', 'Győr-Moson-Sopron'),
(9752, 'Bozzai', 'Somogy'),
(5527, 'Bucsa', 'Békés'),
(9792, 'Bucsu', 'Vas'),
(8925, 'Bucsuszentlászló', 'Zala'),
(8893, 'Bucsuta', 'Zala'),
(2093, 'Budajenő', 'Pest'),
(2011, 'Budakalász', 'Pest'),
(2092, 'Budakeszi', 'Pest'),
(2040, 'Budaörs', 'Pest'),
(1069, 'Budapest', ''),
(1011, 'Budapest', ''),
(1012, 'Budapest', ''),
(1013, 'Budapest', ''),
(1014, 'Budapest', ''),
(1015, 'Budapest', ''),
(1016, 'Budapest', ''),
(1021, 'Budapest', ''),
(1022, 'Budapest', ''),
(1023, 'Budapest', ''),
(1024, 'Budapest', ''),
(1025, 'Budapest', ''),
(1026, 'Budapest', ''),
(1027, 'Budapest', ''),
(1028, 'Budapest', ''),
(1029, 'Budapest', ''),
(1031, 'Budapest', ''),
(1032, 'Budapest', ''),
(1033, 'Budapest', ''),
(1034, 'Budapest', ''),
(1035, 'Budapest', ''),
(1036, 'Budapest', ''),
(1037, 'Budapest', ''),
(1038, 'Budapest', ''),
(1039, 'Budapest', ''),
(1041, 'Budapest', ''),
(1042, 'Budapest', ''),
(1043, 'Budapest', ''),
(1044, 'Budapest', ''),
(1045, 'Budapest', ''),
(1046, 'Budapest', ''),
(1047, 'Budapest', ''),
(1048, 'Budapest', ''),
(1051, 'Budapest', ''),
(1052, 'Budapest', ''),
(1053, 'Budapest', ''),
(1054, 'Budapest', ''),
(1055, 'Budapest', ''),
(1056, 'Budapest', ''),
(1061, 'Budapest', ''),
(1062, 'Budapest', ''),
(1063, 'Budapest', ''),
(1064, 'Budapest', ''),
(1065, 'Budapest', ''),
(1066, 'Budapest', ''),
(1067, 'Budapest', ''),
(1068, 'Budapest', ''),
(1071, 'Budapest', ''),
(1072, 'Budapest', ''),
(1073, 'Budapest', ''),
(1074, 'Budapest', ''),
(1075, 'Budapest', ''),
(1076, 'Budapest', ''),
(1077, 'Budapest', ''),
(1078, 'Budapest', ''),
(1081, 'Budapest', ''),
(1082, 'Budapest', ''),
(1083, 'Budapest', ''),
(1084, 'Budapest', ''),
(1085, 'Budapest', ''),
(1086, 'Budapest', ''),
(1087, 'Budapest', ''),
(1088, 'Budapest', ''),
(1089, 'Budapest', ''),
(1091, 'Budapest', ''),
(1092, 'Budapest', ''),
(1093, 'Budapest', ''),
(1094, 'Budapest', ''),
(1095, 'Budapest', ''),
(1096, 'Budapest', ''),
(1097, 'Budapest', ''),
(1098, 'Budapest', ''),
(1101, 'Budapest', ''),
(1102, 'Budapest', ''),
(1103, 'Budapest', ''),
(1104, 'Budapest', ''),
(1105, 'Budapest', ''),
(1106, 'Budapest', ''),
(1107, 'Budapest', ''),
(1108, 'Budapest', ''),
(1111, 'Budapest', ''),
(1112, 'Budapest', ''),
(1113, 'Budapest', ''),
(1114, 'Budapest', ''),
(1115, 'Budapest', ''),
(1116, 'Budapest', ''),
(1117, 'Budapest', ''),
(1118, 'Budapest', ''),
(1119, 'Budapest', ''),
(1121, 'Budapest', ''),
(1122, 'Budapest', ''),
(1123, 'Budapest', ''),
(1124, 'Budapest', ''),
(1125, 'Budapest', ''),
(1126, 'Budapest', ''),
(1131, 'Budapest', ''),
(1132, 'Budapest', ''),
(1133, 'Budapest', ''),
(1134, 'Budapest', ''),
(1135, 'Budapest', ''),
(1136, 'Budapest', ''),
(1137, 'Budapest', ''),
(1138, 'Budapest', ''),
(1139, 'Budapest', ''),
(1141, 'Budapest', ''),
(1142, 'Budapest', ''),
(1143, 'Budapest', ''),
(1144, 'Budapest', ''),
(1145, 'Budapest', ''),
(1146, 'Budapest', ''),
(1147, 'Budapest', ''),
(1148, 'Budapest', ''),
(1149, 'Budapest', ''),
(1151, 'Budapest', ''),
(1152, 'Budapest', ''),
(1153, 'Budapest', ''),
(1154, 'Budapest', ''),
(1155, 'Budapest', ''),
(1156, 'Budapest', ''),
(1157, 'Budapest', ''),
(1158, 'Budapest', ''),
(1161, 'Budapest', ''),
(1162, 'Budapest', ''),
(1163, 'Budapest', ''),
(1164, 'Budapest', ''),
(1165, 'Budapest', ''),
(1171, 'Budapest', ''),
(1172, 'Budapest', ''),
(1173, 'Budapest', ''),
(1174, 'Budapest', ''),
(1181, 'Budapest', ''),
(1182, 'Budapest', ''),
(1183, 'Budapest', ''),
(1184, 'Budapest', ''),
(1185, 'Budapest', ''),
(1186, 'Budapest', ''),
(1188, 'Budapest', ''),
(1191, 'Budapest', ''),
(1192, 'Budapest', ''),
(1193, 'Budapest', ''),
(1194, 'Budapest', ''),
(1195, 'Budapest', ''),
(1196, 'Budapest', ''),
(1201, 'Budapest', ''),
(1202, 'Budapest', ''),
(1203, 'Budapest', ''),
(1204, 'Budapest', ''),
(1205, 'Budapest', ''),
(1211, 'Budapest', ''),
(1212, 'Budapest', ''),
(1213, 'Budapest', ''),
(1214, 'Budapest', ''),
(1215, 'Budapest', ''),
(1221, 'Budapest', ''),
(1222, 'Budapest', ''),
(1223, 'Budapest', ''),
(1224, 'Budapest', ''),
(1225, 'Budapest', ''),
(1237, 'Budapest', ''),
(1238, 'Budapest', ''),
(1239, 'Budapest', ''),
(1529, 'Budapest', ''),
(6114, 'Bugac', 'Bács-Kiskun'),
(6114, 'Bugacpusztaháza', 'Bács-Kiskun'),
(2347, 'Bugyi', 'Pest'),
(4483, 'Buj', 'Szabolcs-Szatmár-Bereg'),
(3047, 'Buják', 'Nógrád'),
(9740, 'Bük', 'Somogy'),
(9737, 'Bük', 'Vas'),
(3422, 'Bükkábrány', 'Vas'),
(3554, 'Bükkaranyos', 'Borsod-Abaúj-Zemplén'),
(3648, 'Bükkmogyorósd', 'Borsod-Abaúj-Zemplén'),
(7682, 'Bükkösd', 'Borsod-Abaúj-Zemplén'),
(3335, 'Bükkszék', 'Baranya'),
(3257, 'Bükkszenterzsébet', 'Heves'),
(3557, 'Bükkszentkereszt', 'Heves'),
(3346, 'Bükkszentmárton', 'Borsod-Abaúj-Zemplén'),
(3414, 'Bükkzsérc', 'Heves'),
(7973, 'Bürüs', 'Borsod-Abaúj-Zemplén'),
(7273, 'Büssü', 'Baranya'),
(3821, 'Büttös', 'Somogy'),
(8695, 'Buzsák', 'Borsod-Abaúj-Zemplén'),
(9725, 'Cák', 'Vas'),
(9165, 'Cakóháza', 'Győr-Moson-Sopron'),
(7013, 'Cece', 'Fejér'),
(4732, 'Cégénydányád', 'Szabolcs-Szatmár-Bereg'),
(2738, 'Cegléd', 'Pest'),
(2700, 'Cegléd', 'Pest'),
(2737, 'Ceglédbercel', 'Pest'),
(9541, 'Celldömölk', 'Vas'),
(9500, 'Celldömölk', 'Vas'),
(3123, 'Cered', 'Nógrád'),
(9624, 'Chernelházadamonya', 'Vas'),
(5462, 'Cibakháza', 'Jász-Nagykun-Szolnok'),
(3973, 'Cigánd', 'Borsod-Abaúj-Zemplén'),
(7161, 'Cikó', 'Tolna'),
(9364, 'Cirák', 'Győr-Moson-Sopron'),
(5551, 'Csabacsűd', 'Békés'),
(5609, 'Csabaszabadi', 'Békés'),
(2064, 'Csabdi', 'Fejér'),
(8474, 'Csabrendek', 'Veszprém'),
(9375, 'Csáfordjánosfa', 'Győr-Moson-Sopron'),
(4967, 'Csaholc', 'Szabolcs-Szatmár-Bereg'),
(8163, 'Csajág', 'Veszprém'),
(8735, 'Csákány', 'Somogy'),
(9919, 'Csákánydoroszló', 'Vas'),
(8073, 'Csákberény', 'Fejér'),
(8083, 'Csákvár', 'Fejér'),
(6915, 'Csanádalberti', 'Csongrád'),
(5662, 'Csanádapáca', 'Békés'),
(6913, 'Csanádpalota', 'Csongrád'),
(9654, 'Csánig', 'Vas'),
(3015, 'Csány', 'Heves'),
(7964, 'Csányoszró', 'Baranya'),
(6647, 'Csanytelek', 'Csongrád'),
(8756, 'Csapi', 'Zala'),
(9372, 'Csapod', 'Győr-Moson-Sopron'),
(5621, 'Csárdaszállás', 'Békés'),
(7811, 'Csarnóta', 'Baranya'),
(4844, 'Csaroda', 'Szabolcs-Szatmár-Bereg'),
(2858, 'Császár', 'Komárom-Esztergom'),
(6239, 'Császártöltés', 'Bács-Kiskun'),
(4973, 'Császló', 'Szabolcs-Szatmár-Bereg'),
(6523, 'Csátalja', 'Bács-Kiskun'),
(8943, 'Csatár', 'Zala'),
(5064, 'Csataszög', 'Jász-Nagykun-Szolnok'),
(2888, 'Csatka', 'Komárom-Esztergom'),
(6448, 'Csávoly', 'Bács-Kiskun'),
(7935, 'Csebény', 'Baranya'),
(3052, 'Csécse', 'Nógrád'),
(4742, 'Csegöld', 'Szabolcs-Szatmár-Bereg'),
(8445, 'Csehbánya', 'Veszprém'),
(9833, 'Csehi', 'Vas'),
(9834, 'Csehimindszent', 'Vas'),
(2949, 'Csém', 'Komárom-Esztergom'),
(2713, 'Csemő', 'Pest'),
(9764, 'Csempeszkopács', 'Vas'),
(6765, 'Csengele', 'Csongrád'),
(4765, 'Csenger', 'Szabolcs-Szatmár-Bereg'),
(4743, 'Csengersima', 'Szabolcs-Szatmár-Bereg'),
(4764, 'Csengerújfalu', 'Szabolcs-Szatmár-Bereg'),
(6222, 'Csengőd', 'Bács-Kiskun'),
(9611, 'Csénye', 'Vas'),
(3837, 'Csenyéte', 'Borsod-Abaúj-Zemplén'),
(2946, 'Csép', 'Komárom-Esztergom'),
(5475, 'Csépa', 'Jász-Nagykun-Szolnok'),
(9735, 'Csepreg', 'Vas'),
(9375, 'Csér', 'Győr-Moson-Sopron'),
(7683, 'Cserdi', 'Baranya'),
(7472, 'Cserénfa', 'Somogy'),
(3413, 'Cserépfalu', 'Borsod-Abaúj-Zemplén'),
(3417, 'Cserépváralja', 'Borsod-Abaúj-Zemplén'),
(2694, 'Cserháthaláp', 'Nógrád'),
(2676, 'Cserhátsurány', 'Nógrád'),
(3066, 'Cserhátszentiván', 'Nógrád'),
(5465, 'Cserkeszőlő', 'Jász-Nagykun-Szolnok'),
(7673, 'Cserkút', 'Baranya'),
(3648, 'Csernely', 'Borsod-Abaúj-Zemplén'),
(8372, 'Cserszegtomaj', 'Zala'),
(8951, 'Csertalakos', 'Zala'),
(7900, 'Csertő', 'Baranya'),
(8419, 'Csesznek', 'Veszprém'),
(8973, 'Csesztreg', 'Zala'),
(2678, 'Csesztve', 'Nógrád'),
(8417, 'Csetény', 'Veszprém'),
(2212, 'Csévharaszt', 'Pest'),
(7225, 'Csibrák', 'Tolna'),
(6424, 'Csikéria', 'Bács-Kiskun'),
(7341, 'Csikóstőttős', 'Tolna'),
(9127, 'Csikvánd', 'Győr-Moson-Sopron'),
(3442, 'Csincse', 'Borsod-Abaúj-Zemplén'),
(9836, 'Csipkerek', 'Vas'),
(2673, 'Csitár', 'Nógrád'),
(3848, 'Csobád', 'Borsod-Abaúj-Zemplén'),
(3927, 'Csobaj', 'Borsod-Abaúj-Zemplén'),
(2014, 'Csobánka', 'Pest'),
(8999, 'Csöde', 'Fejér'),
(8495, 'Csögle', 'Somogy'),
(8074, 'Csókakő', 'Borsod-Abaúj-Zemplén'),
(4145, 'Csökmő', 'Komárom-Esztergom'),
(7526, 'Csököly', 'Bács-Kiskun'),
(7555, 'Csokonyavisonta', 'Somogy'),
(3647, 'Csokvaomány', 'Pest'),
(2521, 'Csolnok', 'Somogy'),
(6135, 'Csólyospálos', 'Csongrád'),
(7253, 'Csoma', 'Csongrád'),
(2161, 'Csomád', 'Zala'),
(7432, 'Csombárd', 'Baranya'),
(8700, 'Csömend', 'Veszprém'),
(8957, 'Csömödér', 'Fejér'),
(2141, 'Csömör', 'Győr-Moson-Sopron'),
(9513, 'Csönge', 'Békés'),
(6648, 'Csongrád', 'Veszprém'),
(6640, 'Csongrád', 'Zala'),
(8918, 'Csonkahegyhát', 'Veszprém'),
(7940, 'Csonkamindszent', 'Hajdú-Bihar'),
(8229, 'Csopak', 'Somogy'),
(8041, 'Csór', 'Somogy'),
(9300, 'Csorna', 'Zala'),
(8873, 'Csörnyeföld', 'Pest'),
(9962, 'Csörötnek', 'Vas'),
(5920, 'Csorvás', 'Zala'),
(8122, 'Csősz', 'Vas'),
(8558, 'Csót', 'Fejér'),
(2615, 'Csővár', 'Pest'),
(8840, 'Csurgó', 'Somogy'),
(8840, 'Csurgónagymarton', 'Somogy'),
(7843, 'Cún', 'Baranya'),
(2373, 'Dabas', 'Pest'),
(2371, 'Dabas', 'Pest'),
(2370, 'Dabas', 'Pest'),
(8345, 'Dabronc', 'Veszprém'),
(8485, 'Dabrony', 'Veszprém'),
(2854, 'Dad', 'Komárom-Esztergom'),
(2522, 'Dág', 'Komárom-Esztergom'),
(8592, 'Dáka', 'Veszprém'),
(7211, 'Dalmand', 'Tolna'),
(3780, 'Damak', 'Borsod-Abaúj-Zemplén'),
(3978, 'Dámóc', 'Borsod-Abaúj-Zemplén'),
(2735, 'Dánszentmiklós', 'Pest'),
(2118, 'Dány', 'Pest'),
(9917, 'Daraboshegy', 'Vas'),
(7988, 'Darány', 'Somogy'),
(4737, 'Darnó', 'Szabolcs-Szatmár-Bereg'),
(9232, 'Darnózseli', 'Győr-Moson-Sopron'),
(4144, 'Darvas', 'Hajdú-Bihar'),
(6524, 'Dávod', 'Bács-Kiskun'),
(2694, 'Debercsény', 'Nógrád'),
(4079, 'Debrecen', 'Hajdú-Bihar'),
(4078, 'Debrecen', 'Hajdú-Bihar'),
(4225, 'Debrecen', 'Hajdú-Bihar'),
(4063, 'Debrecen', 'Hajdú-Bihar'),
(4000, 'Debrecen', 'Hajdú-Bihar'),
(4002, 'Debrecen', 'Hajdú-Bihar'),
(4024, 'Debrecen', 'Hajdú-Bihar'),
(4025, 'Debrecen', 'Hajdú-Bihar'),
(4026, 'Debrecen', 'Hajdú-Bihar'),
(4027, 'Debrecen', 'Hajdú-Bihar'),
(4028, 'Debrecen', 'Hajdú-Bihar'),
(4029, 'Debrecen', 'Hajdú-Bihar'),
(4030, 'Debrecen', 'Hajdú-Bihar'),
(4031, 'Debrecen', 'Hajdú-Bihar'),
(4032, 'Debrecen', 'Hajdú-Bihar'),
(4033, 'Debrecen', 'Hajdú-Bihar'),
(4034, 'Debrecen', 'Hajdú-Bihar'),
(3825, 'Debréte', 'Borsod-Abaúj-Zemplén'),
(7144, 'Decs', 'Tolna'),
(3643, 'Dédestapolcsány', 'Borsod-Abaúj-Zemplén'),
(8135, 'Dég', 'Fejér'),
(2649, 'Dejtár', 'Nógrád'),
(2337, 'Délegyháza', 'Pest'),
(4516, 'Demecser', 'Szabolcs-Szatmár-Bereg'),
(3395, 'Demjén', 'Heves'),
(7915, 'Dencsháza', 'Baranya'),
(9365, 'Dénesfa', 'Győr-Moson-Sopron'),
(4130, 'Derecske', 'Hajdú-Bihar'),
(6621, 'Derekegyház', 'Csongrád'),
(6772, 'Deszk', 'Csongrád'),
(3834, 'Detek', 'Borsod-Abaúj-Zemplén'),
(3275, 'Detk', 'Heves'),
(5510, 'Dévaványa', 'Békés'),
(8460, 'Devecser', 'Veszprém'),
(7683, 'Dinnyeberki', 'Baranya'),
(7072, 'Diósberény', 'Tolna'),
(2049, 'Diósd', 'Pest'),
(2643, 'Diósjenő', 'Nógrád'),
(8764, 'Dióskál', 'Zala'),
(7817, 'Diósviszló', 'Baranya'),
(8482, 'Doba', 'Veszprém'),
(9914, 'Döbörhegy', 'Békés'),
(5624, 'Doboz', 'Zala'),
(8874, 'Dobri', 'Zala'),
(8357, 'Döbröce', 'Csongrád'),
(7228, 'Döbrököz', 'Borsod-Abaúj-Zemplén'),
(8989, 'Dobronhegy', 'Csongrád'),
(8597, 'Döbrönte', 'Békés'),
(6766, 'Dóc', 'Békés'),
(4495, 'Döge', 'Tolna'),
(3627, 'Domaháza', 'Szabolcs-Szatmár-Bereg'),
(6781, 'Domaszék', 'Pest'),
(5836, 'Dombegyház', 'Heves'),
(5745, 'Dombiratos', 'Heves'),
(7200, 'Dombóvár', 'Komárom-Esztergom'),
(4492, 'Dombrád', 'Nógrád'),
(2182, 'Domony', 'Vas'),
(2027, 'Dömös', 'Vas'),
(3263, 'Domoszló', 'Zala'),
(2344, 'Dömsöd', 'Tolna'),
(9147, 'Dör', 'Veszprém'),
(8244, 'Dörgicse', 'Szabolcs-Szatmár-Bereg'),
(3374, 'Dormánd', 'Komárom-Esztergom'),
(2510, 'Dorog', 'Pest'),
(3153, 'Dorogháza', 'Győr-Moson-Sopron'),
(9913, 'Döröske', 'Veszprém'),
(8799, 'Dötk', 'Vas'),
(3721, 'Dövény', 'Zala'),
(9791, 'Dozmat', 'Borsod-Abaúj-Zemplén'),
(6342, 'Drágszél', 'Bács-Kiskun'),
(7849, 'Drávacsehi', 'Baranya'),
(7846, 'Drávacsepely', 'Baranya'),
(7967, 'Drávafok', 'Baranya'),
(7977, 'Drávagárdony', 'Somogy'),
(7960, 'Drávaiványi', 'Baranya'),
(7967, 'Drávakeresztúr', 'Baranya'),
(7850, 'Drávapalkonya', 'Baranya'),
(7843, 'Drávapiski', 'Baranya'),
(7851, 'Drávaszabolcs', 'Baranya'),
(7847, 'Drávaszerdahely', 'Baranya'),
(7960, 'Drávasztára', 'Baranya'),
(7979, 'Drávatamási', 'Somogy'),
(2646, 'Drégelypalánk', 'Nógrád'),
(3635, 'Dubicsány', 'Borsod-Abaúj-Zemplén'),
(8416, 'Dudar', 'Veszprém'),
(9556, 'Duka', 'Vas'),
(2545, 'Dunaalmás', 'Komárom-Esztergom'),
(2023, 'Dunabogdány', 'Pest'),
(6323, 'Dunaegyháza', 'Bács-Kiskun'),
(6513, 'Dunafalva', 'Bács-Kiskun'),
(7020, 'Dunaföldvár', 'Tolna'),
(2330, 'Dunaharaszti', 'Pest'),
(2120, 'Dunakeszi', 'Pest'),
(9225, 'Dunakiliti', 'Győr-Moson-Sopron'),
(6328, 'Dunapataj', 'Bács-Kiskun'),
(9235, 'Dunaremete', 'Győr-Moson-Sopron'),
(9174, 'Dunaszeg', 'Győr-Moson-Sopron'),
(7712, 'Dunaszekcső', 'Baranya'),
(6333, 'Dunaszentbenedek', 'Bács-Kiskun'),
(7135, 'Dunaszentgyörgy', 'Tolna'),
(2897, 'Dunaszentmiklós', 'Komárom-Esztergom'),
(9175, 'Dunaszentpál', 'Győr-Moson-Sopron'),
(9226, 'Dunasziget', 'Győr-Moson-Sopron'),
(6325, 'Dunatetétlen', 'Bács-Kiskun'),
(2407, 'Dunaújváros', 'Fejér'),
(2400, 'Dunaújváros', 'Fejér'),
(2336, 'Dunavarsány', 'Pest'),
(6087, 'Dunavecse', 'Bács-Kiskun'),
(6353, 'Dusnok', 'Bács-Kiskun'),
(7224, 'Dúzs', 'Tolna'),
(9451, 'Ebergőc', 'Győr-Moson-Sopron'),
(4211, 'Ebes', 'Hajdú-Bihar'),
(9083, 'Écs', 'Győr-Moson-Sopron'),
(3013, 'Ecséd', 'Heves'),
(3053, 'Ecseg', 'Nógrád'),
(5515, 'Ecsegfalva', 'Békés'),
(7457, 'Ecseny', 'Somogy'),
(2233, 'Ecser', 'Pest'),
(7443, 'Edde', 'Somogy'),
(3783, 'Edelény', 'Borsod-Abaúj-Zemplén'),
(3780, 'Edelény', 'Borsod-Abaúj-Zemplén'),
(9343, 'Edve', 'Győr-Moson-Sopron'),
(3304, 'Eger', 'Heves'),
(3323, 'Eger', 'Heves'),
(3300, 'Eger', 'Heves'),
(7763, 'Egerág', 'Baranya'),
(8497, 'Egeralja', 'Veszprém'),
(8765, 'Egeraracsa', 'Zala'),
(3321, 'Egerbakta', 'Heves'),
(3337, 'Egerbocs', 'Heves'),
(3341, 'Egercsehi', 'Heves'),
(3379, 'Egerfarmos', 'Heves'),
(3461, 'Egerlövő', 'Borsod-Abaúj-Zemplén'),
(3394, 'Egerszalók', 'Heves'),
(3757, 'Égerszög', 'Heves'),
(3328, 'Egerszólát', 'Borsod-Abaúj-Zemplén'),
(8913, 'Egervár', 'Zala'),
(9684, 'Egervölgy', 'Vas'),
(9314, 'Egyed', 'Győr-Moson-Sopron'),
(4067, 'Egyek', 'Hajdú-Bihar'),
(4069, 'Egyek', 'Hajdú-Bihar'),
(3043, 'Egyházasdengeleg', 'Nógrád'),
(9473, 'Egyházasfalu', 'Győr-Moson-Sopron'),
(3185, 'Egyházasgerge', 'Nógrád'),
(7824, 'Egyházasharaszti', 'Baranya'),
(9554, 'Egyházashetye', 'Vas'),
(9781, 'Egyházashollós', 'Vas'),
(8523, 'Egyházaskesző', 'Veszprém'),
(7347, 'Egyházaskozár', 'Baranya'),
(9783, 'Egyházasrádóc', 'Vas'),
(5742, 'Elek', 'Békés'),
(7744, 'Ellend', 'Baranya'),
(2423, 'Előszállás', 'Fejér'),
(2424, 'Előszállás', 'Fejér'),
(3432, 'Emőd', 'Borsod-Abaúj-Zemplén'),
(3854, 'Encs', 'Borsod-Abaúj-Zemplén'),
(3860, 'Encs', 'Borsod-Abaúj-Zemplén'),
(4374, 'Encsencs', 'Szabolcs-Szatmár-Bereg'),
(3165, 'Endrefalva', 'Nógrád'),
(7973, 'Endrőc', 'Baranya'),
(9143, 'Enese', 'Győr-Moson-Sopron'),
(8131, 'Enying', 'Fejér'),
(8130, 'Enying', 'Fejér'),
(6624, 'Eperjes', 'Csongrád'),
(4646, 'Eperjeske', 'Szabolcs-Szatmár-Bereg'),
(8413, 'Eplény', 'Veszprém'),
(2526, 'Epöl', 'Komárom-Esztergom'),
(2453, 'Ercsi', 'Fejér'),
(2451, 'Ercsi', 'Fejér'),
(2036, 'Érd', 'Pest'),
(2035, 'Érd', 'Pest'),
(2030, 'Érd', 'Pest'),
(3932, 'Erdőbénye', 'Borsod-Abaúj-Zemplén'),
(3935, 'Erdőhorváti', 'Borsod-Abaúj-Zemplén'),
(2113, 'Erdőkertes', 'Pest'),
(3252, 'Erdőkövesd', 'Heves'),
(2176, 'Erdőkürt', 'Nógrád'),
(7735, 'Erdősmárok', 'Baranya'),
(7723, 'Erdősmecske', 'Baranya'),
(2177, 'Erdőtarcsa', 'Nógrád'),
(3358, 'Erdőtelek', 'Heves'),
(3295, 'Erk', 'Heves'),
(4245, 'Érpatak', 'Szabolcs-Szatmár-Bereg'),
(6347, 'Érsekcsanád', 'Bács-Kiskun'),
(6348, 'Érsekhalma', 'Bács-Kiskun'),
(2659, 'Érsekvadkert', 'Nógrád'),
(7093, 'Értény', 'Tolna'),
(7661, 'Erzsébet', 'Baranya'),
(4124, 'Esztár', 'Hajdú-Bihar'),
(8882, 'Eszteregnye', 'Zala'),
(8742, 'Esztergályhorváti', 'Zala'),
(2509, 'Esztergom', 'Komárom-Esztergom'),
(2500, 'Esztergom', 'Komárom-Esztergom'),
(2947, 'Ete', 'Komárom-Esztergom'),
(3136, 'Etes', 'Nógrád'),
(2091, 'Etyek', 'Fejér'),
(4354, 'Fábiánháza', 'Szabolcs-Szatmár-Bereg'),
(6625, 'Fábiánsebestyén', 'Csongrád'),
(7136, 'Fácánkert', 'Tolna'),
(7139, 'Fadd', 'Tolna'),
(7133, 'Fadd', 'Tolna'),
(3865, 'Fáj', 'Borsod-Abaúj-Zemplén'),
(6352, 'Fajsz', 'Bács-Kiskun'),
(3855, 'Fancsal', 'Borsod-Abaúj-Zemplén'),
(9321, 'Farád', 'Győr-Moson-Sopron'),
(8582, 'Farkasgyepű', 'Veszprém'),
(3608, 'Farkaslyuk', 'Borsod-Abaúj-Zemplén'),
(2765, 'Farmos', 'Pest'),
(7732, 'Fazekasboda', 'Baranya'),
(3255, 'Fedémes', 'Heves'),
(5213, 'Fegyvernek', 'Jász-Nagykun-Szolnok'),
(5231, 'Fegyvernek', 'Jász-Nagykun-Szolnok'),
(4900, 'Fehérgyarmat', 'Szabolcs-Szatmár-Bereg'),
(9163, 'Fehértó', 'Győr-Moson-Sopron'),
(8052, 'Fehérvárcsurgó', 'Fejér'),
(7724, 'Feked', 'Baranya'),
(9211, 'Feketeerdő', 'Győr-Moson-Sopron'),
(8086, 'Felcsút', 'Fejér'),
(3352, 'Feldebrő', 'Heves'),
(6645, 'Felgyő', 'Csongrád'),
(9122, 'Felpéc', 'Győr-Moson-Sopron'),
(3985, 'Felsőberecki', 'Borsod-Abaúj-Zemplén'),
(9794, 'Felsőcsatár', 'Vas'),
(3847, 'Felsődobsza', 'Borsod-Abaúj-Zemplén'),
(7370, 'Felsőegerszeg', 'Baranya'),
(3837, 'Felsőgagy', 'Borsod-Abaúj-Zemplén'),
(9934, 'Felsőjánosfa', 'Vas'),
(3722, 'Felsőkelecsény', 'Borsod-Abaúj-Zemplén'),
(6055, 'Felsőlajos', 'Bács-Kiskun'),
(9918, 'Felsőmarác', 'Vas'),
(7456, 'Felsőmocsolád', 'Somogy'),
(7175, 'Felsőnána', 'Tolna'),
(3721, 'Felsőnyárád', 'Borsod-Abaúj-Zemplén'),
(7099, 'Felsőnyék', 'Tolna'),
(8227, 'Felsőörs', 'Veszprém'),
(8380, 'Felsőpáhok', 'Zala'),
(2363, 'Felsőpakony', 'Pest'),
(2611, 'Felsőpetény', 'Nógrád'),
(8767, 'Felsőrajk', 'Zala'),
(3989, 'Felsőregmec', 'Borsod-Abaúj-Zemplén'),
(8973, 'Felsőszenterzsébet', 'Zala'),
(6447, 'Felsőszentiván', 'Bács-Kiskun'),
(7968, 'Felsőszentmárton', 'Baranya'),
(9985, 'Felsőszölnök', 'Vas'),
(3324, 'Felsőtárkány', 'Heves'),
(3735, 'Felsőtelekes', 'Borsod-Abaúj-Zemplén'),
(3067, 'Felsőtold', 'Nógrád'),
(3814, 'Felsővadász', 'Borsod-Abaúj-Zemplén'),
(3561, 'Felsőzsolca', 'Borsod-Abaúj-Zemplén'),
(4621, 'Fényeslitke', 'Szabolcs-Szatmár-Bereg'),
(8432, 'Fenyőfő', 'Veszprém'),
(6774, 'Ferencszállás', 'Csongrád'),
(9493, 'Fertőboz', 'Győr-Moson-Sopron'),
(9433, 'Fertőd', 'Győr-Moson-Sopron'),
(9431, 'Fertőd', 'Győr-Moson-Sopron'),
(9442, 'Fertőendréd', 'Győr-Moson-Sopron'),
(9492, 'Fertőhomok', 'Győr-Moson-Sopron'),
(9421, 'Fertőrákos', 'Győr-Moson-Sopron'),
(9444, 'Fertőszentmiklós', 'Győr-Moson-Sopron'),
(9436, 'Fertőszéplak', 'Győr-Moson-Sopron'),
(7282, 'Fiad', 'Somogy'),
(3994, 'Filkeháza', 'Borsod-Abaúj-Zemplén'),
(8835, 'Fityeház', 'Zala'),
(6331, 'Foktő', 'Bács-Kiskun'),
(6922, 'Földeák', 'Hajdú-Bihar'),
(4177, 'Földes', 'Somogy'),
(4090, 'Folyás', 'Borsod-Abaúj-Zemplén'),
(7271, 'Fonó', 'Somogy'),
(3893, 'Fony', 'Somogy'),
(8732, 'Főnyed', 'Csongrád'),
(8644, 'Fonyód', 'Borsod-Abaúj-Zemplén'),
(8640, 'Fonyód', 'Pest'),
(6793, 'Forráskút', 'Csongrád'),
(3849, 'Forró', 'Hajdú-Bihar'),
(2151, 'Fót', 'Somogy'),
(8157, 'Füle', 'Borsod-Abaúj-Zemplén'),
(4964, 'Fülesd', 'Hajdú-Bihar'),
(3864, 'Fulókércs', 'Fejér'),
(4266, 'Fülöp', 'Szabolcs-Szatmár-Bereg'),
(6042, 'Fülöpháza', 'Hajdú-Bihar'),
(6116, 'Fülöpjakab', 'Bács-Kiskun'),
(6085, 'Fülöpszállás', 'Bács-Kiskun'),
(4754, 'Fülpösdaróc', 'Bács-Kiskun'),
(7087, 'Fürged', 'Szabolcs-Szatmár-Bereg'),
(4141, 'Furta', 'Tolna'),
(3996, 'Füzér', 'Borsod-Abaúj-Zemplén'),
(3994, 'Füzérkajata', 'Borsod-Abaúj-Zemplén'),
(3997, 'Füzérkomlós', 'Borsod-Abaúj-Zemplén'),
(3993, 'Füzérradvány', 'Borsod-Abaúj-Zemplén'),
(3390, 'Füzesabony', 'Heves'),
(5525, 'Füzesgyarmat', 'Békés'),
(8777, 'Füzvölgy', 'Zala'),
(4122, 'Gáborján', 'Hajdú-Bihar'),
(8969, 'Gáborjánháza', 'Zala'),
(4972, 'Gacsály', 'Szabolcs-Szatmár-Bereg'),
(7276, 'Gadács', 'Somogy'),
(8716, 'Gadány', 'Somogy'),
(3815, 'Gadna', 'Borsod-Abaúj-Zemplén'),
(5932, 'Gádoros', 'Békés'),
(3837, 'Gagyapáti', 'Borsod-Abaúj-Zemplén'),
(3817, 'Gagybátor', 'Borsod-Abaúj-Zemplén'),
(3816, 'Gagyvendégi', 'Borsod-Abaúj-Zemplén'),
(8754, 'Galambok', 'Zala'),
(2686, 'Galgaguta', 'Nógrád'),
(2681, 'Galgagyörk', 'Pest'),
(2193, 'Galgahévíz', 'Pest'),
(2183, 'Galgamácsa', 'Pest'),
(7473, 'Gálosfa', 'Somogy'),
(3752, 'Galvács', 'Borsod-Abaúj-Zemplén'),
(8685, 'Gamás', 'Somogy'),
(8597, 'Ganna', 'Veszprém'),
(8082, 'Gánt', 'Fejér'),
(6522, 'Gara', 'Bács-Kiskun'),
(3067, 'Garáb', 'Nógrád'),
(8747, 'Garabonc', 'Zala'),
(3873, 'Garadna', 'Borsod-Abaúj-Zemplén'),
(4976, 'Garbolc', 'Szabolcs-Szatmár-Bereg'),
(2484, 'Gárdony', 'Fejér'),
(2485, 'Gárdony', 'Fejér'),
(2483, 'Gárdony', 'Fejér'),
(7812, 'Garé', 'Baranya'),
(9952, 'Gasztony', 'Vas'),
(6111, 'Gátér', 'Bács-Kiskun'),
(4471, 'Gávavencsellő', 'Szabolcs-Szatmár-Bereg'),
(4472, 'Gávavencsellő', 'Szabolcs-Szatmár-Bereg'),
(4754, 'Géberjén', 'Szabolcs-Szatmár-Bereg'),
(8543, 'Gecse', 'Veszprém'),
(6334, 'Géderlak', 'Bács-Kiskun'),
(4517, 'Gégény', 'Szabolcs-Szatmár-Bereg'),
(3444, 'Gelej', 'Borsod-Abaúj-Zemplén'),
(4935, 'Gelénes', 'Szabolcs-Szatmár-Bereg'),
(8981, 'Gellénháza', 'Zala'),
(8774, 'Gelse', 'Zala'),
(8774, 'Gelsesziget', 'Zala'),
(4567, 'Gemzse', 'Szabolcs-Szatmár-Bereg'),
(9721, 'Gencsapáti', 'Vas'),
(9672, 'Gérce', 'Vas'),
(7951, 'Gerde', 'Baranya'),
(5925, 'Gerendás', 'Békés'),
(7362, 'Gerényes', 'Baranya'),
(7733, 'Geresdlak', 'Baranya'),
(7134, 'Gerjen', 'Tolna'),
(9813, 'Gersekarát', 'Vas'),
(5734, 'Geszt', 'Békés'),
(3923, 'Gesztely', 'Borsod-Abaúj-Zemplén'),
(3715, 'Gesztely', 'Borsod-Abaúj-Zemplén'),
(4232, 'Geszteréd', 'Szabolcs-Szatmár-Bereg'),
(8762, 'Gétye', 'Zala'),
(8435, 'Gic', 'Veszprém'),
(7527, 'Gige', 'Somogy'),
(7954, 'Gilvánfa', 'Baranya'),
(3578, 'Girincs', 'Borsod-Abaúj-Zemplén'),
(2131, 'Göd', 'Veszprém'),
(2132, 'Göd', 'Borsod-Abaúj-Zemplén'),
(2100, 'Gödöllő', 'Pest'),
(7386, 'Gödre', 'Zala'),
(7385, 'Gödre', 'Vas'),
(8346, 'Gógánfa', 'Baranya'),
(7272, 'Gölle', 'Zala'),
(3906, 'Golop', 'Pest'),
(2217, 'Gomba', 'Pest'),
(8984, 'Gombosszeg', 'Pest'),
(3728, 'Gömörszőlős', 'Baranya'),
(3895, 'Gönc', 'Baranya'),
(3894, 'Göncruszka', 'Somogy'),
(9071, 'Gönyű', 'Borsod-Abaúj-Zemplén'),
(9625, 'Gór', 'Borsod-Abaúj-Zemplén'),
(4075, 'Görbeháza', 'Borsod-Abaúj-Zemplén'),
(7833, 'Görcsöny', 'Győr-Moson-Sopron'),
(7728, 'Görcsönydoboka', 'Hajdú-Bihar'),
(7853, 'Gordisa', 'Baranya'),
(7553, 'Görgeteg', 'Baranya'),
(8913, 'Gősfa', 'Somogy'),
(8978, 'Gosztola', 'Zala'),
(7162, 'Grábóc', 'Tolna'),
(4842, 'Gulács', 'Szabolcs-Szatmár-Bereg'),
(8951, 'Gutorfölde', 'Zala'),
(2360, 'Gyál', 'Pest'),
(9474, 'Gyalóka', 'Győr-Moson-Sopron'),
(9774, 'Gyanógeregye', 'Vas'),
(9126, 'Gyarmat', 'Győr-Moson-Sopron'),
(8851, 'Gyékényes', 'Somogy'),
(8315, 'Gyenesdiás', 'Zala'),
(8473, 'Gyepükaján', 'Veszprém'),
(2821, 'Gyermely', 'Komárom-Esztergom'),
(7668, 'Gyód', 'Baranya'),
(5502, 'Gyomaendrőd', 'Békés'),
(5500, 'Gyomaendrőd', 'Békés'),
(9124, 'Gyömöre', 'Győr-Moson-Sopron'),
(2230, 'Gyömrő', 'Győr-Moson-Sopron'),
(7954, 'Gyöngyfa', 'Pest'),
(3221, 'Gyöngyös', 'Baranya'),
(3232, 'Gyöngyös', 'Heves'),
(3233, 'Gyöngyös', 'Heves'),
(3200, 'Gyöngyös', 'Heves'),
(9723, 'Gyöngyösfalu', 'Heves'),
(3212, 'Gyöngyöshalász', 'Vas'),
(7972, 'Gyöngyösmellék', 'Heves'),
(3211, 'Gyöngyösoroszi', 'Baranya'),
(3035, 'Gyöngyöspata', 'Heves'),
(3231, 'Gyöngyössolymos', 'Heves'),
(3036, 'Gyöngyöstarján', 'Heves'),
(7064, 'Gyönk', 'Heves'),
(9019, 'Győr', 'Tolna'),
(9011, 'Győr', 'Győr-Moson-Sopron'),
(9012, 'Győr', 'Győr-Moson-Sopron'),
(9000, 'Győr', 'Győr-Moson-Sopron'),
(9021, 'Győr', 'Győr-Moson-Sopron'),
(9022, 'Győr', 'Győr-Moson-Sopron'),
(9023, 'Győr', 'Győr-Moson-Sopron'),
(9024, 'Győr', 'Győr-Moson-Sopron'),
(9025, 'Győr', 'Győr-Moson-Sopron'),
(9026, 'Győr', 'Győr-Moson-Sopron'),
(9027, 'Győr', 'Győr-Moson-Sopron'),
(9028, 'Győr', 'Győr-Moson-Sopron'),
(9029, 'Győr', 'Győr-Moson-Sopron'),
(9030, 'Győr', 'Győr-Moson-Sopron'),
(9093, 'Győrasszonyfa', 'Győr-Moson-Sopron'),
(7352, 'Györe', 'Győr-Moson-Sopron'),
(3954, 'Györgytarló', 'Tolna'),
(7045, 'Györköny', 'Borsod-Abaúj-Zemplén'),
(9173, 'Győrladamér', 'Tolna'),
(9363, 'Gyóró', 'Győr-Moson-Sopron'),
(4625, 'Győröcske', 'Szabolcs-Szatmár-Bereg'),
(9084, 'Győrság', 'Győr-Moson-Sopron'),
(9161, 'Győrsövényház', 'Győr-Moson-Sopron'),
(9121, 'Győrszemere', 'Győr-Moson-Sopron'),
(4752, 'Győrtelek', 'Szabolcs-Szatmár-Bereg'),
(9081, 'Győrújbarát', 'Győr-Moson-Sopron'),
(9171, 'Győrújfalu', 'Győr-Moson-Sopron'),
(9821, 'Győrvár', 'Vas'),
(9172, 'Győrzámoly', 'Győr-Moson-Sopron'),
(8692, 'Gyugy', 'Somogy'),
(4733, 'Gyügye', 'Békés'),
(5711, 'Gyula', 'Békés'),
(5703, 'Gyula', 'Békés'),
(5700, 'Gyula', 'Szabolcs-Szatmár-Bereg'),
(4545, 'Gyulaháza', 'Tolna'),
(7227, 'Gyulaj', 'Veszprém'),
(8286, 'Gyulakeszi', 'Fejér'),
(4813, 'Gyüre', 'Szabolcs-Szatmár-Bereg'),
(2464, 'Gyúró', 'Szabolcs-Szatmár-Bereg'),
(8932, 'Gyűrűs', 'Zala'),
(8694, 'Hács', 'Somogy'),
(8992, 'Hagyárosbörönd', 'Zala'),
(8771, 'Hahót', 'Zala'),
(4273, 'Hajdúbagos', 'Hajdú-Bihar'),
(4224, 'Hajdúböszörmény', 'Hajdú-Bihar'),
(4086, 'Hajdúböszörmény', 'Hajdú-Bihar'),
(4074, 'Hajdúböszörmény', 'Hajdú-Bihar'),
(4220, 'Hajdúböszörmény', 'Hajdú-Bihar'),
(4087, 'Hajdúdorog', 'Hajdú-Bihar'),
(4242, 'Hajdúhadház', 'Hajdú-Bihar'),
(4085, 'Hajdúnánás', 'Hajdú-Bihar'),
(4080, 'Hajdúnánás', 'Hajdú-Bihar'),
(4251, 'Hajdúsámson', 'Hajdú-Bihar'),
(4200, 'Hajdúszoboszló', 'Hajdú-Bihar'),
(4212, 'Hajdúszovát', 'Hajdú-Bihar'),
(7473, 'Hajmás', 'Somogy'),
(8192, 'Hajmáskér', 'Veszprém'),
(6344, 'Hajós', 'Bács-Kiskun'),
(9814, 'Halastó', 'Vas'),
(9228, 'Halászi', 'Győr-Moson-Sopron'),
(2314, 'Halásztelek', 'Pest'),
(8452, 'Halimba', 'Veszprém'),
(3842, 'Halmaj', 'Borsod-Abaúj-Zemplén'),
(3273, 'Halmajugra', 'Heves'),
(9917, 'Halogy', 'Vas'),
(3795, 'Hangács', 'Borsod-Abaúj-Zemplén'),
(3626, 'Hangony', 'Borsod-Abaúj-Zemplén'),
(2434, 'Hantos', 'Fejér'),
(9784, 'Harasztifalu', 'Vas'),
(7172, 'Harc', 'Tolna'),
(9422, 'Harka', 'Győr-Moson-Sopron'),
(6136, 'Harkakötöny', 'Bács-Kiskun'),
(7815, 'Harkány', 'Baranya'),
(7585, 'Háromfa', 'Somogy'),
(3936, 'Háromhuta', 'Borsod-Abaúj-Zemplén'),
(3555, 'Harsány', 'Borsod-Abaúj-Zemplén'),
(8442, 'Hárskút', 'Veszprém'),
(6327, 'Harta', 'Bács-Kiskun'),
(6326, 'Harta', 'Bács-Kiskun'),
(7745, 'Hásságy', 'Baranya'),
(3000, 'Hatvan', 'Heves'),
(9178, 'Hédervár', 'Győr-Moson-Sopron'),
(7533, 'Hedrehely', 'Somogy'),
(8296, 'Hegyesd', 'Veszprém'),
(9222, 'Hegyeshalom', 'Győr-Moson-Sopron'),
(9631, 'Hegyfalu', 'Vas'),
(9915, 'Hegyháthodász', 'Vas'),
(7348, 'Hegyhátmaróc', 'Baranya'),
(9915, 'Hegyhátsál', 'Vas'),
(9934, 'Hegyhátszentjakab', 'Vas'),
(9931, 'Hegyhátszentmárton', 'Vas'),
(9826, 'Hegyhátszentpéter', 'Vas'),
(9437, 'Hegykő', 'Győr-Moson-Sopron'),
(8265, 'Hegymagas', 'Veszprém'),
(3786, 'Hegymeg', 'Borsod-Abaúj-Zemplén'),
(7837, 'Hegyszentmárton', 'Baranya'),
(3041, 'Héhalom', 'Nógrád'),
(3892, 'Hejce', 'Borsod-Abaúj-Zemplén'),
(3593, 'Hejőbába', 'Borsod-Abaúj-Zemplén'),
(3597, 'Hejőkeresztúr', 'Borsod-Abaúj-Zemplén'),
(3588, 'Hejőkürt', 'Borsod-Abaúj-Zemplén'),
(3594, 'Hejőpapi', 'Borsod-Abaúj-Zemplén'),
(3595, 'Hejőszalonta', 'Borsod-Abaúj-Zemplén'),
(7683, 'Helesfa', 'Baranya'),
(6034, 'Helvécia', 'Bács-Kiskun'),
(4123, 'Hencida', 'Hajdú-Bihar'),
(7532, 'Hencse', 'Somogy'),
(2053, 'Herceghalom', 'Pest'),
(3958, 'Hercegkút', 'Borsod-Abaúj-Zemplén'),
(6525, 'Hercegszántó', 'Bács-Kiskun'),
(3011, 'Heréd', 'Heves'),
(2832, 'Héreg', 'Komárom-Esztergom'),
(2677, 'Herencsény', 'Nógrád'),
(8440, 'Herend', 'Veszprém'),
(7587, 'Heresznye', 'Somogy'),
(4735, 'Hermánszeg', 'Szabolcs-Szatmár-Bereg'),
(2376, 'Hernád', 'Pest'),
(3853, 'Hernádbűd', 'Borsod-Abaúj-Zemplén'),
(3887, 'Hernádcéce', 'Borsod-Abaúj-Zemplén'),
(3563, 'Hernádkak', 'Borsod-Abaúj-Zemplén'),
(3846, 'Hernádkércs', 'Borsod-Abaúj-Zemplén'),
(3564, 'Hernádnémeti', 'Borsod-Abaúj-Zemplén'),
(3874, 'Hernádpetri', 'Borsod-Abaúj-Zemplén'),
(3852, 'Hernádszentandrás', 'Borsod-Abaúj-Zemplén'),
(3875, 'Hernádszurdok', 'Borsod-Abaúj-Zemplén'),
(3874, 'Hernádvécse', 'Borsod-Abaúj-Zemplén'),
(8957, 'Hernyék', 'Zala'),
(3655, 'Hét', 'Borsod-Abaúj-Zemplén'),
(4843, 'Hetefejércse', 'Szabolcs-Szatmár-Bereg'),
(7432, 'Hetes', 'Somogy'),
(7681, 'Hetvehely', 'Baranya'),
(8344, 'Hetyefő', 'Veszprém'),
(3360, 'Heves', 'Heves'),
(3322, 'Hevesaranyos', 'Heves'),
(3383, 'Hevesvezekény', 'Heves'),
(8380, 'Hévíz', 'Zala'),
(2192, 'Hévízgyörk', 'Pest'),
(7696, 'Hidas', 'Baranya'),
(3876, 'Hidasnémeti', 'Borsod-Abaúj-Zemplén'),
(8247, 'Hidegkút', 'Veszprém'),
(9491, 'Hidegség', 'Győr-Moson-Sopron'),
(3768, 'Hidvégardó', 'Borsod-Abaúj-Zemplén'),
(7735, 'Himesháza', 'Baranya'),
(9362, 'Himod', 'Győr-Moson-Sopron'),
(7838, 'Hirics', 'Baranya'),
(7971, 'Hobol', 'Baranya'),
(4334, 'Hodász', 'Szabolcs-Szatmár-Bereg'),
(6806, 'Hódmezővásárhely', 'Csongrád'),
(6800, 'Hódmezővásárhely', 'Csongrád'),
(7191, 'Hőgyész', 'Somogy'),
(8731, 'Hollád', 'Borsod-Abaúj-Zemplén'),
(3999, 'Hollóháza', 'Nógrád'),
(3176, 'Hollókő', 'Veszprém'),
(8563, 'Homokbödöge', 'Zala'),
(8777, 'Homokkomárom', 'Bács-Kiskun'),
(6341, 'Homokmégy', 'Somogy'),
(7537, 'Homokszentgyörgy', 'Baranya'),
(7716, 'Homorúd', 'Borsod-Abaúj-Zemplén'),
(3812, 'Homrogd', 'Nógrád'),
(2647, 'Hont', 'Nógrád'),
(2658, 'Horpács', 'Heves'),
(3014, 'Hort', 'Hajdú-Bihar'),
(4071, 'Hortobágy', 'Baranya'),
(7935, 'Horváthertelend', 'Vas'),
(9796, 'Horvátlövő', 'Vas'),
(9733, 'Horvátzsidány', 'Baranya'),
(7694, 'Hosszúhetény', 'Hajdú-Bihar'),
(4274, 'Hosszúpályi', 'Vas'),
(9676, 'Hosszúpereszteg', 'Somogy'),
(8716, 'Hosszúvíz', 'Zala'),
(8777, 'Hosszúvölgy', 'Veszprém'),
(8475, 'Hosztót', 'Zala'),
(8991, 'Hottó', 'Tolna'),
(9361, 'Hövej', 'Győr-Moson-Sopron'),
(2672, 'Hugyag', 'Nógrád'),
(5555, 'Hunya', 'Békés'),
(5063, 'Hunyadfalva', 'Jász-Nagykun-Szolnok'),
(7678, 'Husztót', 'Baranya'),
(7935, 'Ibafa', 'Baranya'),
(8984, 'Iborfia', 'Zala'),
(4484, 'Ibrány', 'Szabolcs-Szatmár-Bereg'),
(7275, 'Igal', 'Somogy'),
(7016, 'Igar', 'Fejér'),
(7015, 'Igar', 'Fejér'),
(3459, 'Igrici', 'Borsod-Abaúj-Zemplén'),
(8726, 'Iharos', 'Somogy'),
(8725, 'Iharosberény', 'Somogy'),
(9756, 'Ikervár', 'Vas'),
(2181, 'Iklad', 'Pest'),
(9634, 'Iklanberény', 'Vas'),
(8958, 'Iklódbördőce', 'Zala'),
(9141, 'Ikrény', 'Győr-Moson-Sopron'),
(2675, 'Iliny', 'Nógrád'),
(4566, 'Ilk', 'Szabolcs-Szatmár-Bereg'),
(7775, 'Illocska', 'Baranya'),
(3724, 'Imola', 'Borsod-Abaúj-Zemplén'),
(6238, 'Imrehegy', 'Bács-Kiskun'),
(3851, 'Ináncs', 'Borsod-Abaúj-Zemplén'),
(2365, 'Inárcs', 'Pest'),
(8724, 'Inke', 'Somogy'),
(7847, 'Ipacsfa', 'Baranya'),
(2631, 'Ipolydamásd', 'Pest'),
(3138, 'Ipolytarnóc', 'Nógrád'),
(2633, 'Ipolytölgyes', 'Pest'),
(2669, 'Ipolyvece', 'Nógrád'),
(7095, 'Iregszemcse', 'Tolna'),
(3786, 'Irota', 'Borsod-Abaúj-Zemplén'),
(2117, 'Isaszeg', 'Pest'),
(9941, 'Ispánk', 'Vas'),
(3253, 'Istenmezeje', 'Heves'),
(7987, 'Istvándi', 'Somogy'),
(8043, 'Iszkaszentgyörgy', 'Fejér'),
(8493, 'Iszkáz', 'Veszprém'),
(8045, 'Isztimér', 'Fejér'),
(3248, 'Ivád', 'Heves'),
(9374, 'Iván', 'Győr-Moson-Sopron'),
(7772, 'Ivánbattyán', 'Baranya'),
(9931, 'Ivánc', 'Vas'),
(2454, 'Iváncsa', 'Fejér'),
(7781, 'Ivándárda', 'Baranya'),
(7353, 'Izmény', 'Tolna'),
(6070, 'Izsák', 'Bács-Kiskun'),
(3741, 'Izsófalva', 'Borsod-Abaúj-Zemplén'),
(7362, 'Jágónak', 'Tolna'),
(9798, 'Ják', 'Vas'),
(6078, 'Jakabszállás', 'Bács-Kiskun'),
(9643, 'Jákfa', 'Vas'),
(3721, 'Jákfalva', 'Borsod-Abaúj-Zemplén'),
(7525, 'Jákó', 'Somogy'),
(4841, 'Jánd', 'Szabolcs-Szatmár-Bereg'),
(4741, 'Jánkmajtis', 'Szabolcs-Szatmár-Bereg'),
(6440, 'Jánoshalma', 'Bács-Kiskun'),
(9545, 'Jánosháza', 'Vas'),
(5143, 'Jánoshida', 'Jász-Nagykun-Szolnok'),
(9241, 'Jánossomorja', 'Győr-Moson-Sopron'),
(9242, 'Jánossomorja', 'Győr-Moson-Sopron'),
(3664, 'Járdánháza', 'Borsod-Abaúj-Zemplén'),
(4337, 'Jármi', 'Szabolcs-Szatmár-Bereg'),
(8424, 'Jásd', 'Veszprém'),
(5124, 'Jászágó', 'Jász-Nagykun-Szolnok'),
(5054, 'Jászalsószentgyörgy', 'Jász-Nagykun-Szolnok'),
(5130, 'Jászapáti', 'Jász-Nagykun-Szolnok'),
(5123, 'Jászárokszállás', 'Jász-Nagykun-Szolnok'),
(5152, 'Jászberény', 'Jász-Nagykun-Szolnok'),
(5100, 'Jászberény', 'Jász-Nagykun-Szolnok'),
(5144, 'Jászboldogháza', 'Jász-Nagykun-Szolnok'),
(5122, 'Jászdózsa', 'Jász-Nagykun-Szolnok'),
(5111, 'Jászfelsőszentgyörgy', 'Jász-Nagykun-Szolnok'),
(5126, 'Jászfényszaru', 'Jász-Nagykun-Szolnok'),
(5135, 'Jászivány', 'Jász-Nagykun-Szolnok'),
(5121, 'Jászjákóhalma', 'Jász-Nagykun-Szolnok'),
(2746, 'Jászkarajenő', 'Pest'),
(5137, 'Jászkisér', 'Jász-Nagykun-Szolnok'),
(5055, 'Jászladány', 'Jász-Nagykun-Szolnok'),
(5136, 'Jászszentandrás', 'Jász-Nagykun-Szolnok'),
(6133, 'Jászszentlászló', 'Bács-Kiskun'),
(5141, 'Jásztelek', 'Jász-Nagykun-Szolnok'),
(4611, 'Jéke', 'Szabolcs-Szatmár-Bereg'),
(8146, 'Jenő', 'Fejér'),
(9323, 'Jobaháza', 'Győr-Moson-Sopron'),
(3063, 'Jobbágyi', 'Nógrád'),
(3758, 'Jósvafő', 'Borsod-Abaúj-Zemplén'),
(7431, 'Juta', 'Somogy'),
(4183, 'Kaba', 'Hajdú-Bihar'),
(8773, 'Kacorlak', 'Zala'),
(3424, 'Kács', 'Borsod-Abaúj-Zemplén'),
(7940, 'Kacsóta', 'Baranya'),
(7530, 'Kadarkút', 'Somogy'),
(9123, 'Kajárpéc', 'Győr-Moson-Sopron'),
(2472, 'Kajászó', 'Fejér'),
(7051, 'Kajdacs', 'Tolna'),
(7122, 'Kakasd', 'Tolna'),
(7958, 'Kákics', 'Baranya'),
(2366, 'Kakucs', 'Pest'),
(3350, 'Kál', 'Heves'),
(7194, 'Kalaznó', 'Tolna'),
(9673, 'Káld', 'Vas'),
(2175, 'Kálló', 'Nógrád'),
(8785, 'Kallósd', 'Zala'),
(4324, 'Kállósemjén', 'Szabolcs-Szatmár-Bereg'),
(7538, 'Kálmáncsa', 'Somogy'),
(4434, 'Kálmánháza', 'Szabolcs-Szatmár-Bereg'),
(8988, 'Kálócfa', 'Zala'),
(6300, 'Kalocsa', 'Bács-Kiskun'),
(8124, 'Káloz', 'Fejér'),
(9841, 'Kám', 'Vas'),
(8469, 'Kamond', 'Veszprém'),
(5673, 'Kamut', 'Békés'),
(3735, 'Kánó', 'Borsod-Abaúj-Zemplén'),
(4335, 'Kántorjánosi', 'Szabolcs-Szatmár-Bereg'),
(3821, 'Kány', 'Borsod-Abaúj-Zemplén'),
(8667, 'Kánya', 'Somogy'),
(8956, 'Kányavár', 'Zala'),
(8294, 'Kapolcs', 'Veszprém'),
(3355, 'Kápolna', 'Heves'),
(2475, 'Kápolnásnyék', 'Fejér'),
(8671, 'Kapoly', 'Somogy'),
(7523, 'Kaposfő', 'Somogy'),
(7473, 'Kaposgyarmat', 'Somogy'),
(7261, 'Kaposhomok', 'Somogy'),
(7258, 'Kaposkeresztúr', 'Somogy'),
(7521, 'Kaposmérő', 'Somogy'),
(7251, 'Kapospula', 'Tolna'),
(7361, 'Kaposszekcső', 'Tolna'),
(7476, 'Kaposszerdahely', 'Somogy'),
(7522, 'Kaposújlak', 'Somogy'),
(7400, 'Kaposvár', 'Somogy'),
(8471, 'Káptalanfa', 'Veszprém'),
(8283, 'Káptalantóti', 'Veszprém'),
(9339, 'Kapuvár', 'Győr-Moson-Sopron'),
(9330, 'Kapuvár', 'Győr-Moson-Sopron'),
(7285, 'Kára', 'Somogy'),
(3281, 'Karácsond', 'Heves'),
(8676, 'Karád', 'Somogy'),
(9547, 'Karakó', 'Vas'),
(8491, 'Karakószörcsök', 'Veszprém'),
(3181, 'Karancsalja', 'Nógrád'),
(3137, 'Karancsberény', 'Nógrád'),
(3183, 'Karancskeszi', 'Nógrád'),
(3182, 'Karancslapujtő', 'Nógrád'),
(3163, 'Karancsság', 'Nógrád'),
(7333, 'Kárász', 'Baranya'),
(5300, 'Karcag', 'Jász-Nagykun-Szolnok'),
(3963, 'Karcsa', 'Borsod-Abaúj-Zemplén'),
(5552, 'Kardos', 'Békés'),
(5945, 'Kardoskút', 'Békés'),
(8354, 'Karmacs', 'Zala'),
(3962, 'Karos', 'Borsod-Abaúj-Zemplén'),
(2173, 'Kartal', 'Pest'),
(7827, 'Kásád', 'Baranya'),
(6211, 'Kaskantyú', 'Bács-Kiskun'),
(7977, 'Kastélyosdombó', 'Somogy'),
(5948, 'Kaszaper', 'Békés'),
(7564, 'Kaszó', 'Somogy'),
(7914, 'Katádfa', 'Baranya'),
(9915, 'Katafa', 'Vas'),
(7661, 'Kátoly', 'Baranya'),
(6455, 'Katymár', 'Bács-Kiskun'),
(2215, 'Káva', 'Pest'),
(8994, 'Kávás', 'Zala'),
(3147, 'Kazár', 'Nógrád'),
(3127, 'Kazár', 'Nógrád'),
(3700, 'Kazincbarcika', 'Borsod-Abaúj-Zemplén'),
(3831, 'Kázsmárk', 'Borsod-Abaúj-Zemplén'),
(7274, 'Kazsok', 'Somogy'),
(6237, 'Kecel', 'Bács-Kiskun'),
(2852, 'Kecskéd', 'Komárom-Esztergom'),
(6044, 'Kecskemét', 'Bács-Kiskun'),
(6008, 'Kecskemét', 'Bács-Kiskun'),
(6000, 'Kecskemét', 'Bács-Kiskun'),
(8784, 'Kehidakustány', 'Zala'),
(4515, 'Kék', 'Szabolcs-Szatmár-Bereg'),
(4494, 'Kékcse', 'Szabolcs-Szatmár-Bereg'),
(3899, 'Kéked', 'Borsod-Abaúj-Zemplén'),
(7661, 'Kékesd', 'Baranya'),
(8254, 'Kékkút', 'Veszprém'),
(6423, 'Kelebia', 'Bács-Kiskun'),
(9549, 'Keléd', 'Vas'),
(3728, 'Kelemér', 'Borsod-Abaúj-Zemplén'),
(6444, 'Kéleshalom', 'Bács-Kiskun'),
(8714, 'Kelevíz', 'Somogy'),
(4501, 'Kemecse', 'Szabolcs-Szatmár-Bereg'),
(2638, 'Kemence', 'Pest'),
(8931, 'Kemendollár', 'Zala'),
(8516, 'Kemeneshőgyész', 'Veszprém'),
(9553, 'Kemeneskápolna', 'Vas'),
(9522, 'Kemenesmagasi', 'Vas'),
(9511, 'Kemenesmihályfa', 'Vas'),
(9544, 'Kemenespálfa', 'Vas'),
(9517, 'Kemenessömjén', 'Vas'),
(9521, 'Kemenesszentmárton', 'Vas'),
(8518, 'Kemenesszentpéter', 'Veszprém'),
(8995, 'Keménfa', 'Zala'),
(7843, 'Kémes', 'Baranya'),
(9923, 'Kemestaródfa', 'Vas'),
(7839, 'Kemse', 'Baranya'),
(5349, 'Kenderes', 'Jász-Nagykun-Szolnok'),
(5331, 'Kenderes', 'Jász-Nagykun-Szolnok'),
(9752, 'Kenéz', 'Vas'),
(3955, 'Kenézlő', 'Borsod-Abaúj-Zemplén'),
(5083, 'Kengyel', 'Jász-Nagykun-Szolnok'),
(9514, 'Kenyeri', 'Vas'),
(9945, 'Kercaszomor', 'Vas'),
(7256, 'Kercseliget', 'Somogy'),
(3396, 'Kerecsend', 'Heves'),
(8745, 'Kerecseny', 'Zala'),
(6041, 'Kerekegyháza', 'Bács-Kiskun'),
(8618, 'Kereki', 'Somogy'),
(2882, 'Kerékteleki', 'Komárom-Esztergom'),
(2145, 'Kerepes', 'Pest'),
(2144, 'Kerepes', 'Pest'),
(3821, 'Keresztéte', 'Borsod-Abaúj-Zemplén'),
(8971, 'Kerkabarabás', 'Zala'),
(8973, 'Kerkafalva', 'Zala'),
(8973, 'Kerkakutas', 'Zala'),
(9944, 'Kerkáskápolna', 'Vas'),
(8874, 'Kerkaszentkirály', 'Zala'),
(8879, 'Kerkateskánd', 'Zala'),
(4912, 'Kérsemjén', 'Szabolcs-Szatmár-Bereg'),
(8492, 'Kerta', 'Veszprém'),
(5526, 'Kertészsziget', 'Békés'),
(2616, 'Keszeg', 'Nógrád'),
(3579, 'Kesznyéten', 'Borsod-Abaúj-Zemplén'),
(7062, 'Keszőhidegkút', 'Tolna'),
(8360, 'Keszthely', 'Zala'),
(2517, 'Kesztölc', 'Komárom-Esztergom'),
(7668, 'Keszü', 'Baranya'),
(2655, 'Kétbodony', 'Nógrád'),
(5741, 'Kétegyháza', 'Békés'),
(8713, 'Kéthely', 'Somogy'),
(5411, 'Kétpó', 'Jász-Nagykun-Szolnok'),
(5674, 'Kétsoprony', 'Békés'),
(7975, 'Kétújfalu', 'Baranya'),
(9982, 'Kétvölgy', 'Vas'),
(7174, 'Kéty', 'Tolna'),
(5744, 'Kevermes', 'Békés'),
(8774, 'Kilimán', 'Zala'),
(9181, 'Kimle', 'Győr-Moson-Sopron'),
(8044, 'Kincsesbánya', 'Fejér'),
(3657, 'Királd', 'Borsod-Abaúj-Zemplén'),
(7953, 'Királyegyháza', 'Baranya'),
(6911, 'Királyhegyes', 'Csongrád'),
(8195, 'Királyszentistván', 'Veszprém'),
(8284, 'Kisapáti', 'Veszprém'),
(2428, 'Kisapostag', 'Fejér'),
(4921, 'Kisar', 'Szabolcs-Szatmár-Bereg'),
(7523, 'Kisasszond', 'Somogy'),
(7954, 'Kisasszonyfa', 'Baranya'),
(9133, 'Kisbabot', 'Győr-Moson-Sopron'),
(3046, 'Kisbágyon', 'Nógrád'),
(9062, 'Kisbajcs', 'Győr-Moson-Sopron'),
(7542, 'Kisbajom', 'Somogy'),
(7282, 'Kisbárapáti', 'Somogy'),
(3075, 'Kisbárkány', 'Nógrád'),
(2881, 'Kisbér', 'Komárom-Esztergom'),
(2879, 'Kisbér', 'Komárom-Esztergom'),
(2870, 'Kisbér', 'Komárom-Esztergom'),
(8693, 'Kisberény', 'Somogy'),
(8477, 'Kisberzseny', 'Veszprém'),
(7391, 'Kisbeszterce', 'Baranya'),
(9234, 'Kisbodak', 'Győr-Moson-Sopron'),
(8925, 'Kisbucsa', 'Zala'),
(7756, 'Kisbudmér', 'Baranya'),
(3578, 'Kiscsécs', 'Borsod-Abaúj-Zemplén'),
(8888, 'Kiscsehi', 'Zala'),
(8494, 'Kiscsősz', 'Veszprém'),
(7814, 'Kisdér', 'Baranya'),
(7985, 'Kisdobsza', 'Baranya'),
(5837, 'Kisdombegyház', 'Békés'),
(7159, 'Kisdorog', 'Tolna'),
(2655, 'Kisecset', 'Nógrád'),
(9341, 'Kisfalud', 'Győr-Moson-Sopron'),
(3256, 'Kisfüzes', 'Heves'),
(8356, 'Kisgörbő', 'Zala'),
(7279, 'Kisgyalán', 'Somogy'),
(3556, 'Kisgyőr', 'Borsod-Abaúj-Zemplén'),
(7391, 'Kishajmás', 'Baranya'),
(7800, 'Kisharsány', 'Baranya'),
(3161, 'Kishartyán', 'Nógrád'),
(7763, 'Kisherend', 'Baranya'),
(4977, 'Kishódos', 'Szabolcs-Szatmár-Bereg'),
(3994, 'Kishuta', 'Borsod-Abaúj-Zemplén'),
(2948, 'Kisigmánd', 'Komárom-Esztergom'),
(7773, 'Kisjakabfalva', 'Baranya'),
(7766, 'Kiskassa', 'Baranya'),
(3843, 'Kiskinizs', 'Borsod-Abaúj-Zemplén'),
(3384, 'Kisköre', 'Somogy'),
(6200, 'Kiskőrös', 'Heves'),
(7524, 'Kiskorpád', 'Bács-Kiskun'),
(6100, 'Kiskunfélegyháza', 'Bács-Kiskun'),
(6400, 'Kiskunhalas', 'Bács-Kiskun'),
(2340, 'Kiskunlacháza', 'Pest'),
(6120, 'Kiskunmajsa', 'Bács-Kiskun'),
(8911, 'Kiskutas', 'Zala'),
(8156, 'Kisláng', 'Fejér'),
(4325, 'Kisléta', 'Szabolcs-Szatmár-Bereg'),
(7775, 'Kislippó', 'Baranya'),
(8446, 'Kislőd', 'Veszprém'),
(7356, 'Kismányok', 'Tolna'),
(4126, 'Kismarja', 'Hajdú-Bihar'),
(2623, 'Kismaros', 'Pest'),
(4737, 'Kisnamény', 'Szabolcs-Szatmár-Bereg'),
(3264, 'Kisnána', 'Heves'),
(2165, 'Kisnémedi', 'Pest'),
(7759, 'Kisnyárád', 'Baranya'),
(2024, 'Kisoroszi', 'Pest'),
(4956, 'Kispalád', 'Szabolcs-Szatmár-Bereg'),
(8912, 'Kispáli', 'Zala'),
(8496, 'Kispirit', 'Veszprém'),
(9936, 'Kisrákos', 'Vas'),
(8756, 'Kisrécse', 'Zala'),
(3965, 'Kisrozvágy', 'Borsod-Abaúj-Zemplén'),
(3627, 'Kissikátor', 'Borsod-Abaúj-Zemplén'),
(9555, 'Kissomlyó', 'Vas'),
(6421, 'Kisszállás', 'Bács-Kiskun'),
(7082, 'Kisszékely', 'Tolna'),
(4963, 'Kisszekeres', 'Szabolcs-Szatmár-Bereg'),
(7841, 'Kisszentmárton', 'Baranya'),
(8957, 'Kissziget', 'Zala'),
(8483, 'Kisszőlős', 'Veszprém'),
(7981, 'Kistamási', 'Baranya'),
(7823, 'Kistapolca', 'Baranya'),
(2143, 'Kistarcsa', 'Pest'),
(6760, 'Kistelek', 'Csongrád'),
(3553, 'Kistokaj', 'Borsod-Abaúj-Zemplén'),
(8868, 'Kistolmács', 'Zala'),
(7068, 'Kistormás', 'Tolna'),
(7768, 'Kistótfalu', 'Baranya'),
(5310, 'Kisújszállás', 'Jász-Nagykun-Szolnok'),
(9772, 'Kisunyom', 'Vas'),
(4600, 'Kisvárda', 'Szabolcs-Szatmár-Bereg'),
(4811, 'Kisvarsány', 'Szabolcs-Szatmár-Bereg'),
(8341, 'Kisvásárhely', 'Zala'),
(7381, 'Kisvaszar', 'Baranya'),
(7183, 'Kisvejke', 'Tolna'),
(6775, 'Kiszombor', 'Csongrád'),
(9733, 'Kiszsidány', 'Vas'),
(6773, 'Klárafalva', 'Csongrád'),
(7334, 'Köblény', 'Komárom-Esztergom'),
(2898, 'Kocs', 'Pest'),
(2755, 'Kocsér', 'Tolna'),
(9553, 'Köcsk', 'Szabolcs-Szatmár-Bereg'),
(7212, 'Kocsola', 'Pest'),
(4751, 'Kocsord', 'Hajdú-Bihar'),
(2243, 'Kóka', 'Veszprém'),
(4284, 'Kokad', 'Hajdú-Bihar'),
(7668, 'Kökény', 'Komárom-Esztergom'),
(7530, 'Kőkút', 'Komárom-Esztergom'),
(4965, 'Kölcse', 'Komárom-Esztergom'),
(7052, 'Kölesd', 'Borsod-Abaúj-Zemplén'),
(7717, 'Kölked', 'Baranya'),
(8468, 'Kolontár', 'Baranya'),
(4138, 'Komádi', 'Szabolcs-Szatmár-Bereg'),
(2903, 'Komárom', 'Somogy'),
(2921, 'Komárom', 'Borsod-Abaúj-Zemplén'),
(2900, 'Komárom', 'Szabolcs-Szatmár-Bereg'),
(3765, 'Komjáti', 'Heves'),
(7305, 'Komló', 'Borsod-Abaúj-Zemplén'),
(7300, 'Komló', 'Vas'),
(3372, 'Kömlő', 'Békés'),
(2853, 'Kömlőd', 'Győr-Moson-Sopron'),
(4765, 'Komlódtótfalu', 'Hajdú-Bihar'),
(7582, 'Komlósd', 'Győr-Moson-Sopron'),
(3937, 'Komlóska', 'Tolna'),
(4622, 'Komoró', 'Borsod-Abaúj-Zemplén'),
(4943, 'Kömörő', 'Győr-Moson-Sopron'),
(6134, 'Kömpöc', 'Baranya'),
(3356, 'Kompolt', 'Pest'),
(3775, 'Kondó', 'Pest'),
(9943, 'Kondorfa', 'Szabolcs-Szatmár-Bereg'),
(5553, 'Kondoros', 'Baranya'),
(9144, 'Kóny', 'Baranya'),
(4133, 'Konyár', 'Borsod-Abaúj-Zemplén'),
(9495, 'Kópháza', 'Nógrád'),
(7094, 'Koppányszántó', 'Baranya'),
(3886, 'Korlát', 'Zala'),
(9909, 'Körmend', 'Baranya'),
(9900, 'Körmend', 'Vas'),
(2851, 'Környe', 'Baranya'),
(3577, 'Köröm', 'Somogy'),
(9113, 'Koroncó', 'Szabolcs-Szatmár-Bereg'),
(7841, 'Kórós', 'Tolna'),
(8617, 'Kőröshegy', 'Baranya'),
(5516, 'Körösladány', 'Heves'),
(5539, 'Körösnagyharsány', 'Komárom-Esztergom'),
(4136, 'Körösszakál', 'Szabolcs-Szatmár-Bereg'),
(4135, 'Körösszegapáti', 'Bács-Kiskun'),
(5622, 'Köröstarcsa', 'Vas'),
(2745, 'Kőröstetétlen', 'Vas'),
(5536, 'Körösújfalu', 'Komárom-Esztergom'),
(2612, 'Kosd', 'Borsod-Abaúj-Zemplén'),
(2625, 'Kóspallag', 'Somogy'),
(8152, 'Kőszárhegy', 'Békés'),
(9730, 'Kőszeg', 'Békés'),
(9725, 'Kőszegdoroszló', 'Békés'),
(9739, 'Kőszegpaty', 'Pest'),
(9725, 'Kőszegszerdahely', 'Békés'),
(4482, 'Kótaj', 'Hajdú-Bihar'),
(8627, 'Kötcse', 'Hajdú-Bihar'),
(5725, 'Kötegyán', 'Fejér'),
(5062, 'Kőtelek', 'Vas'),
(7847, 'Kovácshida', 'Vas'),
(7678, 'Kovácsszénája', 'Vas'),
(3992, 'Kovácsvágás', 'Vas'),
(8254, 'Kővágóörs', 'Somogy'),
(7673, 'Kővágószőlős', 'Békés'),
(7675, 'Kővágótőttős', 'Jász-Nagykun-Szolnok'),
(6912, 'Kövegy', 'Veszprém'),
(8274, 'Köveskál', 'Baranya'),
(3053, 'Kozárd', 'Baranya'),
(7761, 'Kozármisleny', 'Csongrád'),
(8988, 'Kozmadombja', 'Veszprém'),
(3821, 'Krasznokvajda', 'Borsod-Abaúj-Zemplén'),
(6755, 'Kübekháza', 'Fejér'),
(2458, 'Kulcs', 'Bács-Kiskun'),
(8978, 'Külsősárd', 'Békés'),
(9532, 'Külsővat', 'Bács-Kiskun'),
(6097, 'Kunadacs', 'Bács-Kiskun'),
(5746, 'Kunágota', 'Jász-Nagykun-Szolnok'),
(6435, 'Kunbaja', 'Bács-Kiskun'),
(6043, 'Kunbaracs', 'Jász-Nagykun-Szolnok'),
(5412, 'Kuncsorba', 'Jász-Nagykun-Szolnok'),
(6413, 'Kunfehértó', 'Bács-Kiskun'),
(8162, 'Küngös', 'Bács-Kiskun'),
(5340, 'Kunhegyes', 'Jász-Nagykun-Szolnok'),
(5321, 'Kunmadaras', 'Jász-Nagykun-Szolnok'),
(6096, 'Kunpeszér', 'Bács-Kiskun'),
(6115, 'Kunszállás', 'Győr-Moson-Sopron'),
(5449, 'Kunszentmárton', 'Veszprém'),
(5440, 'Kunszentmárton', 'Borsod-Abaúj-Zemplén'),
(6090, 'Kunszentmiklós', 'Tolna'),
(9184, 'Kunsziget', 'Borsod-Abaúj-Zemplén'),
(8595, 'Kup', 'Zala'),
(3813, 'Kupa', 'Somogy'),
(7226, 'Kurd', 'Nógrád'),
(3732, 'Kurityán', 'Csongrád'),
(8919, 'Kustánszeg', 'Zala'),
(7541, 'Kutas', 'Veszprém'),
(3066, 'Kutasó', 'Veszprém'),
(2541, 'Lábatlan', 'Komárom-Esztergom'),
(7551, 'Lábod', 'Somogy'),
(3967, 'Lácacséke', 'Borsod-Abaúj-Zemplén'),
(7535, 'Lad', 'Somogy'),
(6045, 'Ladánybene', 'Bács-Kiskun'),
(3780, 'Ládbesenyő', 'Borsod-Abaúj-Zemplén'),
(8136, 'Lajoskomárom', 'Fejér'),
(6050, 'Lajosmizse', 'Bács-Kiskun'),
(3786, 'Lak', 'Borsod-Abaúj-Zemplén'),
(8913, 'Lakhegy', 'Zala'),
(6065, 'Lakitelek', 'Bács-Kiskun'),
(7918, 'Lakócsa', 'Somogy'),
(7759, 'Lánycsók', 'Baranya'),
(7214, 'Lápafő', 'Tolna'),
(7775, 'Lapáncsa', 'Baranya'),
(4543, 'Laskod', 'Szabolcs-Szatmár-Bereg'),
(8887, 'Lasztonya', 'Zala'),
(8681, 'Látrány', 'Somogy'),
(9089, 'Lázi', 'Győr-Moson-Sopron'),
(2016, 'Leányfalu', 'Pest'),
(2518, 'Leányvár', 'Komárom-Esztergom'),
(9155, 'Lébény', 'Győr-Moson-Sopron'),
(2619, 'Legénd', 'Nógrád'),
(3904, 'Legyesbénye', 'Borsod-Abaúj-Zemplén'),
(3832, 'Léh', 'Borsod-Abaúj-Zemplén'),
(3648, 'Lénárddaróc', 'Borsod-Abaúj-Zemplén'),
(8978, 'Lendvadedes', 'Zala'),
(8977, 'Lendvajakabfa', 'Zala'),
(7184, 'Lengyel', 'Tolna'),
(8693, 'Lengyeltóti', 'Somogy'),
(8966, 'Lenti', 'Zala'),
(8960, 'Lenti', 'Zala'),
(8132, 'Lepsény', 'Fejér'),
(8318, 'Lesencefalu', 'Veszprém'),
(8319, 'Lesenceistvánd', 'Veszprém'),
(8318, 'Lesencetomaj', 'Veszprém'),
(4281, 'Létavértes', 'Hajdú-Bihar'),
(4283, 'Létavértes', 'Hajdú-Bihar'),
(8868, 'Letenye', 'Zala'),
(2632, 'Letkés', 'Pest'),
(9221, 'Levél', 'Győr-Moson-Sopron'),
(4555, 'Levelek', 'Szabolcs-Szatmár-Bereg'),
(8707, 'Libickozma', 'Somogy'),
(8981, 'Lickóvadamos', 'Zala'),
(7331, 'Liget', 'Baranya'),
(8782, 'Ligetfalva', 'Zala'),
(9233, 'Lipót', 'Győr-Moson-Sopron'),
(7781, 'Lippó', 'Baranya'),
(7757, 'Liptód', 'Baranya'),
(8888, 'Lispeszentadorján', 'Zala'),
(8831, 'Liszó', 'Zala'),
(8196, 'Litér', 'Veszprém'),
(3866, 'Litka', 'Borsod-Abaúj-Zemplén'),
(3186, 'Litke', 'Nógrád'),
(9634, 'Lócs', 'Vas'),
(5743, 'Lőkösháza', 'Veszprém'),
(8425, 'Lókút', 'Szabolcs-Szatmár-Bereg'),
(4836, 'Lónya', 'Pest'),
(2309, 'Lórév', 'Baranya'),
(3022, 'Lőrinci', 'Veszprém'),
(3024, 'Lőrinci', 'Fejér'),
(3021, 'Lőrinci', 'Baranya'),
(7761, 'Lothárd', 'Zala'),
(8228, 'Lovas', 'Veszprém'),
(8093, 'Lovasberény', 'Békés'),
(7720, 'Lovászhetény', 'Heves'),
(8878, 'Lovászi', 'Heves'),
(8553, 'Lovászpatona', 'Heves'),
(9461, 'Lövő', 'Győr-Moson-Sopron'),
(4633, 'Lövőpetri', 'Szabolcs-Szatmár-Bereg'),
(3129, 'Lucfalva', 'Nógrád'),
(3188, 'Ludányhalászi', 'Nógrád'),
(3274, 'Ludas', 'Heves'),
(9724, 'Lukácsháza', 'Vas'),
(8660, 'Lulla', 'Somogy'),
(7838, 'Lúzsok', 'Baranya'),
(3909, 'Mád', 'Borsod-Abaúj-Zemplén'),
(6456, 'Madaras', 'Bács-Kiskun'),
(7026, 'Madocsa', 'Tolna'),
(9169, 'Maglóca', 'Győr-Moson-Sopron'),
(2234, 'Maglód', 'Pest'),
(7342, 'Mágocs', 'Baranya'),
(4953, 'Magosliget', 'Szabolcs-Szatmár-Bereg'),
(4556, 'Magy', 'Szabolcs-Szatmár-Bereg'),
(8071, 'Magyaralmás', 'Fejér'),
(7463, 'Magyaratád', 'Somogy'),
(5667, 'Magyarbánhegyes', 'Békés'),
(7775, 'Magyarbóly', 'Baranya'),
(6932, 'Magyarcsanád', 'Csongrád'),
(5838, 'Magyardombegyház', 'Békés'),
(7332, 'Magyaregregy', 'Baranya'),
(7441, 'Magyaregres', 'Somogy'),
(8973, 'Magyarföld', 'Zala'),
(3133, 'Magyargéc', 'Nógrád'),
(8517, 'Magyargencs', 'Veszprém'),
(7394, 'Magyarhertelend', 'Baranya'),
(4137, 'Magyarhomorog', 'Hajdú-Bihar'),
(9346, 'Magyarkeresztúr', 'Győr-Moson-Sopron'),
(7098, 'Magyarkeszi', 'Tolna'),
(9962, 'Magyarlak', 'Vas'),
(7925, 'Magyarlukafa', 'Baranya'),
(7954, 'Magyarmecske', 'Baranya'),
(9909, 'Magyarnádalja', 'Vas'),
(2694, 'Magyarnándor', 'Nógrád'),
(8449, 'Magyarpolány', 'Veszprém'),
(7761, 'Magyarsarlós', 'Baranya'),
(9912, 'Magyarszecsőd', 'Vas'),
(7396, 'Magyarszék', 'Baranya'),
(8776, 'Magyarszentmiklós', 'Zala'),
(8776, 'Magyarszerdahely', 'Zala'),
(9946, 'Magyarszombatfa', 'Vas'),
(7954, 'Magyartelek', 'Baranya'),
(2339, 'Majosháza', 'Pest'),
(7783, 'Majs', 'Baranya'),
(2322, 'Makád', 'Pest'),
(3959, 'Makkoshotyka', 'Borsod-Abaúj-Zemplén'),
(3397, 'Maklár', 'Heves'),
(6903, 'Makó', 'Csongrád'),
(6900, 'Makó', 'Csongrád'),
(8533, 'Malomsok', 'Veszprém'),
(3434, 'Mályi', 'Borsod-Abaúj-Zemplén'),
(3645, 'Mályinka', 'Borsod-Abaúj-Zemplén'),
(4942, 'Mánd', 'Szabolcs-Szatmár-Bereg'),
(4644, 'Mándok', 'Szabolcs-Szatmár-Bereg'),
(7304, 'Mánfa', 'Baranya'),
(2065, 'Mány', 'Fejér'),
(7733, 'Maráza', 'Baranya'),
(9534, 'Marcalgergelyi', 'Veszprém'),
(8714, 'Marcali', 'Somogy'),
(8709, 'Marcali', 'Somogy'),
(8700, 'Marcali', 'Somogy'),
(8531, 'Marcaltő', 'Veszprém'),
(8532, 'Marcaltő', 'Veszprém'),
(7817, 'Márfa', 'Baranya'),
(2527, 'Máriahalom', 'Komárom-Esztergom'),
(9231, 'Máriakálnok', 'Győr-Moson-Sopron'),
(7663, 'Máriakéménd', 'Baranya'),
(2629, 'Márianosztra', 'Pest'),
(4326, 'Máriapócs', 'Szabolcs-Szatmár-Bereg'),
(3262, 'Markaz', 'Heves'),
(3075, 'Márkháza', 'Nógrád'),
(8441, 'Márkó', 'Veszprém'),
(7967, 'Markóc', 'Baranya'),
(9164, 'Markotabödöge', 'Győr-Moson-Sopron'),
(8888, 'Maróc', 'Zala'),
(7960, 'Marócsa', 'Baranya'),
(7774, 'Márok', 'Baranya'),
(8976, 'Márokföld', 'Zala'),
(4932, 'Márokpapi', 'Szabolcs-Szatmár-Bereg'),
(6921, 'Maroslele', 'Csongrád'),
(6636, 'Mártély', 'Csongrád'),
(5435, 'Martfű', 'Jász-Nagykun-Szolnok'),
(7720, 'Martonfa', 'Baranya'),
(2462, 'Martonvásár', 'Fejér'),
(3755, 'Martonyi', 'Borsod-Abaúj-Zemplén'),
(4700, 'Mátészalka', 'Szabolcs-Szatmár-Bereg'),
(6452, 'Mátételke', 'Bács-Kiskun'),
(3247, 'Mátraballa', 'Heves'),
(3246, 'Mátraderecske', 'Heves'),
(3155, 'Mátramindszent', 'Nógrád'),
(3144, 'Mátranovák', 'Nógrád'),
(3143, 'Mátranovák', 'Nógrád'),
(3142, 'Mátraszele', 'Nógrád'),
(3234, 'Mátraszentimre', 'Heves'),
(3235, 'Mátraszentimre', 'Heves'),
(3068, 'Mátraszőlős', 'Nógrád'),
(3145, 'Mátraterenye', 'Nógrád'),
(3146, 'Mátraterenye', 'Nógrád'),
(3077, 'Mátraverebély', 'Nógrád'),
(7854, 'Matty', 'Fejér'),
(8134, 'Mátyásdomb', 'Baranya'),
(4835, 'Mátyus', 'Szabolcs-Szatmár-Bereg'),
(7351, 'Máza', 'Baranya'),
(7695, 'Mecseknádasd', 'Baranya'),
(7300, 'Mecsekpölöske', 'Baranya'),
(9176, 'Mecsér', 'Győr-Moson-Sopron'),
(5664, 'Medgyesbodzás', 'Békés'),
(5663, 'Medgyesbodzás', 'Békés'),
(5752, 'Medgyesegyháza', 'Békés'),
(5666, 'Medgyesegyháza', 'Békés'),
(7057, 'Medina', 'Tolna'),
(9757, 'Meggyeskovácsi', 'Vas'),
(3718, 'Megyaszó', 'Borsod-Abaúj-Zemplén'),
(9754, 'Megyehid', 'Vas'),
(8348, 'Megyer', 'Veszprém'),
(5726, 'Méhkerék', 'Békés'),
(4975, 'Méhtelek', 'Szabolcs-Szatmár-Bereg'),
(7344, 'Mekényes', 'Baranya'),
(6449, 'Mélykút', 'Bács-Kiskun'),
(8271, 'Mencshely', 'Veszprém'),
(2235, 'Mende', 'Pest'),
(3871, 'Méra', 'Borsod-Abaúj-Zemplén'),
(7981, 'Merenye', 'Baranya'),
(9136, 'Mérges', 'Győr-Moson-Sopron'),
(4352, 'Mérk', 'Szabolcs-Szatmár-Bereg'),
(7453, 'Mernye', 'Somogy'),
(9531, 'Mersevát', 'Vas'),
(9662, 'Mesterháza', 'Vas'),
(9551, 'Mesteri', 'Vas'),
(5452, 'Mesterszállás', 'Jász-Nagykun-Szolnok'),
(3754, 'Meszes', 'Borsod-Abaúj-Zemplén'),
(9745, 'Meszlen', 'Vas'),
(8716, 'Mesztegnyő', 'Somogy'),
(5650, 'Mezőberény', 'Békés'),
(3450, 'Mezőcsát', 'Borsod-Abaúj-Zemplén'),
(7434, 'Mezőcsokonya', 'Somogy'),
(7370, 'Meződ', 'Baranya'),
(2422, 'Mezőfalva', 'Fejér'),
(5732, 'Mezőgyán', 'Békés'),
(5820, 'Mezőhegyes', 'Békés'),
(5453, 'Mezőhék', 'Jász-Nagykun-Szolnok'),
(3441, 'Mezőkeresztes', 'Borsod-Abaúj-Zemplén'),
(8137, 'Mezőkomárom', 'Fejér'),
(5800, 'Mezőkovácsháza', 'Békés'),
(3400, 'Mezőkövesd', 'Borsod-Abaúj-Zemplén'),
(4641, 'Mezőladány', 'Szabolcs-Szatmár-Bereg'),
(8514, 'Mezőlak', 'Veszprém'),
(3443, 'Mezőnagymihály', 'Borsod-Abaúj-Zemplén'),
(3421, 'Mezőnyárád', 'Borsod-Abaúj-Zemplén'),
(9098, 'Mezőörs', 'Győr-Moson-Sopron'),
(9097, 'Mezőörs', 'Győr-Moson-Sopron'),
(4118, 'Mezőpeterd', 'Hajdú-Bihar'),
(4134, 'Mezősas', 'Hajdú-Bihar'),
(3378, 'Mezőszemere', 'Heves'),
(8133, 'Mezőszentgyörgy', 'Fejér'),
(7017, 'Mezőszilas', 'Fejér'),
(3375, 'Mezőtárkány', 'Heves'),
(5400, 'Mezőtúr', 'Jász-Nagykun-Szolnok'),
(3931, 'Mezőzombor', 'Borsod-Abaúj-Zemplén'),
(8825, 'Miháld', 'Zala'),
(8341, 'Mihályfa', 'Zala'),
(3184, 'Mihálygerge', 'Nógrád'),
(8513, 'Mihályháza', 'Veszprém'),
(9342, 'Mihályi', 'Győr-Moson-Sopron'),
(7512, 'Mike', 'Somogy'),
(2736, 'Mikebuda', 'Pest'),
(8949, 'Mikekarácsonyfa', 'Zala'),
(4271, 'Mikepércs', 'Hajdú-Bihar'),
(7286, 'Miklósi', 'Somogy'),
(3344, 'Mikófalva', 'Heves'),
(3989, 'Mikóháza', 'Borsod-Abaúj-Zemplén'),
(9835, 'Mikosszéplak', 'Vas'),
(8917, 'Milejszeg', 'Zala'),
(4948, 'Milota', 'Szabolcs-Szatmár-Bereg'),
(6630, 'Mindszent', 'Csongrád'),
(7391, 'Mindszentgodisa', 'Baranya'),
(8282, 'Mindszentkálla', 'Veszprém'),
(8935, 'Misefa', 'Zala'),
(6343, 'Miske', 'Bács-Kiskun'),
(3510, 'Miskolc', 'Borsod-Abaúj-Zemplén'),
(3515, 'Miskolc', 'Borsod-Abaúj-Zemplén'),
(3516, 'Miskolc', 'Borsod-Abaúj-Zemplén'),
(3508, 'Miskolc', 'Borsod-Abaúj-Zemplén'),
(3517, 'Miskolc', 'Borsod-Abaúj-Zemplén'),
(3518, 'Miskolc', 'Borsod-Abaúj-Zemplén'),
(3521, 'Miskolc', 'Borsod-Abaúj-Zemplén'),
(3519, 'Miskolc', 'Borsod-Abaúj-Zemplén'),
(3500, 'Miskolc', 'Borsod-Abaúj-Zemplén'),
(3501, 'Miskolc', 'Borsod-Abaúj-Zemplén'),
(3524, 'Miskolc', 'Borsod-Abaúj-Zemplén'),
(3525, 'Miskolc', 'Borsod-Abaúj-Zemplén'),
(3526, 'Miskolc', 'Borsod-Abaúj-Zemplén'),
(3527, 'Miskolc', 'Borsod-Abaúj-Zemplén'),
(3528, 'Miskolc', 'Borsod-Abaúj-Zemplén'),
(3529, 'Miskolc', 'Borsod-Abaúj-Zemplén'),
(3530, 'Miskolc', 'Borsod-Abaúj-Zemplén'),
(3531, 'Miskolc', 'Borsod-Abaúj-Zemplén'),
(3532, 'Miskolc', 'Borsod-Abaúj-Zemplén'),
(3533, 'Miskolc', 'Borsod-Abaúj-Zemplén'),
(3534, 'Miskolc', 'Borsod-Abaúj-Zemplén'),
(3535, 'Miskolc', 'Borsod-Abaúj-Zemplén'),
(7065, 'Miszla', 'Tolna'),
(2911, 'Mocsa', 'Komárom-Esztergom'),
(7163, 'Mőcsény', 'Pest'),
(2146, 'Mogyoród', 'Komárom-Esztergom'),
(2535, 'Mogyorósbánya', 'Borsod-Abaúj-Zemplén'),
(3893, 'Mogyoróska', 'Fejér'),
(8042, 'Moha', 'Baranya'),
(7715, 'Mohács', 'Baranya'),
(7714, 'Mohács', 'Baranya'),
(7700, 'Mohács', 'Nógrád'),
(2698, 'Mohora', 'Zala'),
(8863, 'Molnári', 'Vas'),
(9912, 'Molnaszecsőd', 'Baranya'),
(7981, 'Molvány', 'Borsod-Abaúj-Zemplén'),
(3812, 'Monaj', 'Borsod-Abaúj-Zemplén'),
(3905, 'Monok', 'Pest'),
(2213, 'Monor', 'Pest'),
(2200, 'Monor', 'Heves'),
(3345, 'Mónosbél', 'Veszprém'),
(8296, 'Monostorapáti', 'Hajdú-Bihar'),
(4275, 'Monostorpályi', 'Veszprém'),
(8273, 'Monoszló', 'Baranya'),
(7751, 'Monyoród', 'Fejér'),
(8060, 'Mór', 'Tolna'),
(7165, 'Mórágy', 'Csongrád'),
(6782, 'Mórahalom', 'Bács-Kiskun'),
(6132, 'Móricgát', 'Győr-Moson-Sopron'),
(9131, 'Mórichida', 'Somogy'),
(7257, 'Mosdós', 'Győr-Moson-Sopron'),
(9200, 'Mosonmagyaróvár', 'Győr-Moson-Sopron'),
(9183, 'Mosonszentmiklós', 'Győr-Moson-Sopron'),
(9154, 'Mosonszentmiklós', 'Győr-Moson-Sopron'),
(9245, 'Mosonszolnok', 'Baranya'),
(7932, 'Mozsgó', 'Tolna'),
(7185, 'Mucsfa', 'Tolna'),
(7195, 'Mucsi', 'Tolna'),
(3744, 'Múcsony', 'Borsod-Abaúj-Zemplén'),
(3552, 'Muhi', 'Borsod-Abaúj-Zemplén'),
(8834, 'Murakeresztúr', 'Zala'),
(8868, 'Murarátka', 'Zala'),
(8872, 'Muraszemenye', 'Zala'),
(7176, 'Murga', 'Tolna'),
(5672, 'Murony', 'Békés'),
(4911, 'Nábrád', 'Szabolcs-Szatmár-Bereg'),
(8097, 'Nadap', 'Fejér'),
(9915, 'Nádasd', 'Vas'),
(8145, 'Nádasdladány', 'Fejér'),
(4181, 'Nádudvar', 'Hajdú-Bihar'),
(8674, 'Nágocs', 'Somogy'),
(8521, 'Nagyacsád', 'Veszprém'),
(8484, 'Nagyalásony', 'Veszprém'),
(4922, 'Nagyar', 'Szabolcs-Szatmár-Bereg'),
(7500, 'Nagyatád', 'Somogy'),
(9063, 'Nagybajcs', 'Győr-Moson-Sopron'),
(7561, 'Nagybajom', 'Somogy'),
(8821, 'Nagybakónak', 'Zala'),
(5668, 'Nagybánhegyes', 'Békés'),
(6527, 'Nagybaracska', 'Bács-Kiskun'),
(3641, 'Nagybarca', 'Borsod-Abaúj-Zemplén'),
(3075, 'Nagybárkány', 'Nógrád'),
(8656, 'Nagyberény', 'Somogy'),
(7255, 'Nagyberki', 'Somogy'),
(2634, 'Nagybörzsöny', 'Pest'),
(7756, 'Nagybudmér', 'Baranya'),
(9485, 'Nagycenk', 'Győr-Moson-Sopron'),
(7838, 'Nagycsány', 'Baranya'),
(3598, 'Nagycsécs', 'Borsod-Abaúj-Zemplén'),
(8628, 'Nagycsepely', 'Somogy'),
(4445, 'Nagycserkesz', 'Szabolcs-Szatmár-Bereg'),
(8554, 'Nagydém', 'Veszprém'),
(4823, 'Nagydobos', 'Szabolcs-Szatmár-Bereg'),
(7985, 'Nagydobsza', 'Baranya'),
(7044, 'Nagydorog', 'Tolna'),
(4355, 'Nagyecsed', 'Szabolcs-Szatmár-Bereg'),
(6917, 'Nagyér', 'Csongrád'),
(8415, 'Nagyesztergár', 'Veszprém'),
(3282, 'Nagyfüged', 'Heves'),
(9664, 'Nagygeresd', 'Vas'),
(8356, 'Nagygörbő', 'Zala'),
(8551, 'Nagygyimót', 'Veszprém'),
(7343, 'Nagyhajmás', 'Baranya'),
(4485, 'Nagyhalász', 'Szabolcs-Szatmár-Bereg'),
(7822, 'Nagyharsány', 'Baranya'),
(4064, 'Nagyhegyes', 'Hajdú-Bihar'),
(4977, 'Nagyhódos', 'Szabolcs-Szatmár-Bereg'),
(3994, 'Nagyhuta', 'Borsod-Abaúj-Zemplén'),
(2942, 'Nagyigmánd', 'Komárom-Esztergom'),
(5363, 'Nagyiván', 'Jász-Nagykun-Szolnok'),
(4320, 'Nagykálló', 'Szabolcs-Szatmár-Bereg'),
(5751, 'Nagykamarás', 'Békés'),
(8831, 'Nagykanizsa', 'Zala'),
(8808, 'Nagykanizsa', 'Zala'),
(8809, 'Nagykanizsa', 'Zala'),
(8800, 'Nagykanizsa', 'Zala'),
(8935, 'Nagykapornak', 'Zala'),
(2425, 'Nagykarácsony', 'Fejér'),
(2760, 'Nagykáta', 'Pest'),
(4127, 'Nagykereki', 'Hajdú-Bihar'),
(3129, 'Nagykeresztúr', 'Nógrád'),
(3844, 'Nagykinizs', 'Borsod-Abaúj-Zemplén'),
(3012, 'Nagykökényes', 'Tolna'),
(9784, 'Nagykölked', 'Somogy'),
(7092, 'Nagykónyi', 'Pest'),
(2750, 'Nagykőrös', 'Baranya'),
(7545, 'Nagykorpád', 'Heves'),
(5065, 'Nagykörű', 'Vas'),
(2094, 'Nagykovácsi', 'Pest'),
(7741, 'Nagykozár', 'Jász-Nagykun-Szolnok'),
(8911, 'Nagykutas', 'Zala'),
(6933, 'Nagylak', 'Csongrád'),
(8983, 'Nagylengyel', 'Zala'),
(3175, 'Nagylóc', 'Nógrád'),
(2435, 'Nagylók', 'Fejér'),
(9482, 'Nagylózs', 'Győr-Moson-Sopron'),
(6622, 'Nagymágocs', 'Csongrád'),
(7355, 'Nagymányok', 'Tolna'),
(2626, 'Nagymaros', 'Pest'),
(9913, 'Nagymizdó', 'Vas'),
(7784, 'Nagynyárád', 'Baranya'),
(2645, 'Nagyoroszi', 'Nógrád'),
(8912, 'Nagypáli', 'Zala'),
(7731, 'Nagypall', 'Baranya'),
(7912, 'Nagypeterd', 'Baranya'),
(8496, 'Nagypirit', 'Veszprém'),
(4173, 'Nagyrábé', 'Hajdú-Bihar'),
(8746, 'Nagyrada', 'Zala'),
(9938, 'Nagyrákos', 'Vas'),
(8756, 'Nagyrécse', 'Zala'),
(3214, 'Nagyréde', 'Heves'),
(5463, 'Nagyrév', 'Jász-Nagykun-Szolnok'),
(3965, 'Nagyrozvágy', 'Borsod-Abaúj-Zemplén'),
(2524, 'Nagysáp', 'Komárom-Esztergom'),
(9561, 'Nagysimonyi', 'Vas'),
(8739, 'Nagyszakácsi', 'Somogy'),
(7085, 'Nagyszékely', 'Tolna'),
(4962, 'Nagyszekeres', 'Szabolcs-Szatmár-Bereg'),
(5931, 'Nagyszénás', 'Békés'),
(9072, 'Nagyszentjános', 'Győr-Moson-Sopron'),
(7097, 'Nagyszokoly', 'Tolna'),
(3398, 'Nagytálya', 'Heves'),
(2142, 'Nagytarcsa', 'Pest'),
(8562, 'Nagytevel', 'Veszprém'),
(9832, 'Nagytilaj', 'Vas'),
(6612, 'Nagytőke', 'Baranya'),
(7800, 'Nagytótfalu', 'Csongrád'),
(3357, 'Nagyút', 'Heves'),
(4812, 'Nagyvarsány', 'Szabolcs-Szatmár-Bereg'),
(7912, 'Nagyváty', 'Baranya'),
(8291, 'Nagyvázsony', 'Veszprém'),
(7186, 'Nagyvejke', 'Tolna'),
(8065, 'Nagyveleg', 'Fejér'),
(2421, 'Nagyvenyim', 'Fejér'),
(3349, 'Nagyvisnyó', 'Heves'),
(7215, 'Nak', 'Tolna'),
(4552, 'Napkor', 'Szabolcs-Szatmár-Bereg'),
(9797, 'Nárai', 'Vas'),
(9793, 'Narda', 'Vas'),
(2899, 'Naszály', 'Komárom-Esztergom'),
(3463, 'Négyes', 'Borsod-Abaúj-Zemplén'),
(3646, 'Nekézseny', 'Borsod-Abaúj-Zemplén'),
(8923, 'Nemesapáti', 'Zala'),
(3592, 'Nemesbikk', 'Borsod-Abaúj-Zemplén'),
(9749, 'Nemesbőd', 'Szabolcs-Szatmár-Bereg'),
(4942, 'Nemesborzova', 'Vas'),
(8371, 'Nemesbük', 'Zala'),
(9739, 'Nemescsó', 'Vas'),
(8722, 'Nemesdéd', 'Somogy'),
(8522, 'Nemesgörzsöny', 'Veszprém'),
(8284, 'Nemesgulács', 'Veszprém'),
(8471, 'Nemeshany', 'Veszprém'),
(8925, 'Nemeshetés', 'Zala'),
(7981, 'Nemeske', 'Baranya'),
(9471, 'Nemeskér', 'Győr-Moson-Sopron'),
(9548, 'Nemeskeresztúr', 'Vas'),
(8717, 'Nemeskisfalud', 'Somogy'),
(9542, 'Nemeskocs', 'Vas'),
(9775, 'Nemeskolta', 'Vas'),
(9663, 'Nemesládony', 'Vas'),
(9953, 'Nemesmedves', 'Vas'),
(6345, 'Nemesnádudvar', 'Bács-Kiskun'),
(8976, 'Nemesnép', 'Zala'),
(8856, 'Nemespátró', 'Zala'),
(8915, 'Nemesrádó', 'Zala'),
(9782, 'Nemesrempehollós', 'Vas'),
(8925, 'Nemessándorháza', 'Zala'),
(9533, 'Nemesszalók', 'Veszprém'),
(8925, 'Nemesszentandrás', 'Zala'),
(8248, 'Nemesvámos', 'Veszprém'),
(8738, 'Nemesvid', 'Somogy'),
(8311, 'Nemesvita', 'Veszprém'),
(8581, 'Németbánya', 'Veszprém'),
(8918, 'Németfalu', 'Zala'),
(7039, 'Németkér', 'Tolna'),
(3152, 'Nemti', 'Nógrád'),
(2544, 'Neszmély', 'Komárom-Esztergom'),
(2618, 'Nézsa', 'Nógrád'),
(9652, 'Nick', 'Vas'),
(8706, 'Nikla', 'Somogy'),
(2642, 'Nógrád', 'Nógrád'),
(2691, 'Nógrádkövesd', 'Nógrád'),
(2675, 'Nógrádmarcal', 'Nógrád'),
(3132, 'Nógrádmegyer', 'Nógrád'),
(2685, 'Nógrádsáp', 'Nógrád'),
(3179, 'Nógrádsipek', 'Nógrád'),
(3187, 'Nógrádszakál', 'Nógrád'),
(8591, 'Nóráp', 'Veszprém'),
(8456, 'Noszlop', 'Veszprém'),
(3325, 'Noszvaj', 'Heves'),
(2610, 'Nőtincs', 'Zala'),
(8948, 'Nova', 'Heves'),
(3327, 'Novaj', 'Borsod-Abaúj-Zemplén'),
(3872, 'Novajidrány', 'Nógrád'),
(9096, 'Nyalka', 'Győr-Moson-Sopron'),
(8512, 'Nyárád', 'Veszprém'),
(2723, 'Nyáregyháza', 'Pest'),
(6032, 'Nyárlőrinc', 'Bács-Kiskun'),
(2712, 'Nyársapát', 'Pest'),
(3433, 'Nyékládháza', 'Borsod-Abaúj-Zemplén'),
(2537, 'Nyergesújfalu', 'Komárom-Esztergom'),
(2536, 'Nyergesújfalu', 'Komárom-Esztergom'),
(3809, 'Nyésta', 'Borsod-Abaúj-Zemplén'),
(8612, 'Nyim', 'Somogy'),
(4264, 'Nyírábrány', 'Hajdú-Bihar'),
(4262, 'Nyíracsád', 'Hajdú-Bihar'),
(8454, 'Nyirád', 'Veszprém'),
(4253, 'Nyíradony', 'Hajdú-Bihar'),
(4252, 'Nyíradony', 'Hajdú-Bihar'),
(4254, 'Nyíradony', 'Hajdú-Bihar'),
(4300, 'Nyírbátor', 'Szabolcs-Szatmár-Bereg'),
(4372, 'Nyírbéltek', 'Szabolcs-Szatmár-Bereg'),
(4361, 'Nyírbogát', 'Szabolcs-Szatmár-Bereg'),
(4511, 'Nyírbogdány', 'Szabolcs-Szatmár-Bereg'),
(4356, 'Nyírcsaholy', 'Szabolcs-Szatmár-Bereg'),
(4331, 'Nyírcsászári', 'Szabolcs-Szatmár-Bereg'),
(4332, 'Nyírderzs', 'Szabolcs-Szatmár-Bereg'),
(4405, 'Nyíregyháza', 'Szabolcs-Szatmár-Bereg'),
(4246, 'Nyíregyháza', 'Szabolcs-Szatmár-Bereg'),
(4433, 'Nyíregyháza', 'Szabolcs-Szatmár-Bereg'),
(4412, 'Nyíregyháza', 'Szabolcs-Szatmár-Bereg'),
(4432, 'Nyíregyháza', 'Szabolcs-Szatmár-Bereg'),
(4551, 'Nyíregyháza', 'Szabolcs-Szatmár-Bereg'),
(4431, 'Nyíregyháza', 'Szabolcs-Szatmár-Bereg'),
(4481, 'Nyíregyháza', 'Szabolcs-Szatmár-Bereg'),
(4400, 'Nyíregyháza', 'Szabolcs-Szatmár-Bereg'),
(4362, 'Nyírgelse', 'Szabolcs-Szatmár-Bereg'),
(4311, 'Nyírgyulaj', 'Szabolcs-Szatmár-Bereg'),
(3997, 'Nyíri', 'Borsod-Abaúj-Zemplén'),
(4535, 'Nyíribrony', 'Szabolcs-Szatmár-Bereg'),
(4541, 'Nyírjákó', 'Szabolcs-Szatmár-Bereg'),
(4544, 'Nyírkarász', 'Szabolcs-Szatmár-Bereg'),
(4333, 'Nyírkáta', 'Szabolcs-Szatmár-Bereg'),
(4537, 'Nyírkércs', 'Szabolcs-Szatmár-Bereg'),
(4632, 'Nyírlövő', 'Szabolcs-Szatmár-Bereg'),
(4371, 'Nyírlugos', 'Szabolcs-Szatmár-Bereg'),
(4564, 'Nyírmada', 'Szabolcs-Szatmár-Bereg'),
(4263, 'Nyírmártonfalva', 'Hajdú-Bihar'),
(4722, 'Nyírmeggyes', 'Szabolcs-Szatmár-Bereg'),
(4363, 'Nyírmihálydi', 'Szabolcs-Szatmár-Bereg'),
(4822, 'Nyírparasznya', 'Szabolcs-Szatmár-Bereg'),
(4531, 'Nyírpazony', 'Szabolcs-Szatmár-Bereg'),
(4376, 'Nyírpilis', 'Szabolcs-Szatmár-Bereg'),
(4522, 'Nyírtass', 'Szabolcs-Szatmár-Bereg'),
(4461, 'Nyírtelek', 'Szabolcs-Szatmár-Bereg'),
(4554, 'Nyírtét', 'Szabolcs-Szatmár-Bereg'),
(4532, 'Nyírtura', 'Szabolcs-Szatmár-Bereg'),
(4341, 'Nyírvasvári', 'Szabolcs-Szatmár-Bereg'),
(9682, 'Nyőgér', 'Borsod-Abaúj-Zemplén'),
(3795, 'Nyomár', 'Vas'),
(7912, 'Nyugotszenterzsébet', 'Baranya'),
(9082, 'Nyúl', 'Győr-Moson-Sopron'),
(7695, 'Óbánya', 'Baranya'),
(2063, 'Óbarok', 'Fejér'),
(8272, 'Óbudavár', 'Veszprém'),
(8292, 'Öcs', 'Pest'),
(2364, 'Ócsa', 'Baranya'),
(7814, 'Ócsárd', 'Baranya'),
(7143, 'Őcsény', 'Szabolcs-Szatmár-Bereg'),
(5451, 'Öcsöd', 'Csongrád'),
(7695, 'Ófalu', 'Zala'),
(4558, 'Ófehértó', 'Békés'),
(6923, 'Óföldeák', 'Baranya'),
(8342, 'Óhid', 'Baranya'),
(5534, 'Okány', 'Baranya'),
(7957, 'Okorág', 'Vas'),
(4755, 'Ököritófülpös', 'Veszprém'),
(7681, 'Okorvölgy', 'Borsod-Abaúj-Zemplén'),
(7745, 'Olasz', 'Szabolcs-Szatmár-Bereg'),
(9824, 'Olaszfa', 'Szabolcs-Szatmár-Bereg'),
(8414, 'Olaszfalu', 'Baranya'),
(3933, 'Olaszliszka', 'Vas'),
(9621, 'Ölbő', 'Zala'),
(4826, 'Olcsva', 'Borsod-Abaúj-Zemplén'),
(4914, 'Olcsvaapáti', 'Borsod-Abaúj-Zemplén'),
(7824, 'Old', 'Szabolcs-Szatmár-Bereg'),
(9733, 'Ólmod', 'Csongrád'),
(8886, 'Oltárc', 'Zala'),
(4373, 'Ömböly', 'Somogy'),
(3562, 'Onga', 'Somogy'),
(3551, 'Ónod', 'Bács-Kiskun'),
(4821, 'Ópályi', 'Vas'),
(6767, 'Ópusztaszer', 'Baranya'),
(4336, 'Őr', 'Bács-Kiskun'),
(8935, 'Orbányosfa', 'Zala'),
(2162, 'Őrbottyán', 'Borsod-Abaúj-Zemplén'),
(7400, 'Orci', 'Békés'),
(8635, 'Ordacsehi', 'Békés'),
(6335, 'Ordas', 'Békés'),
(6311, 'Öregcsertő', 'Békés'),
(8697, 'Öreglak', 'Veszprém'),
(9982, 'Orfalu', 'Komárom-Esztergom'),
(7677, 'Orfű', 'Baranya'),
(6077, 'Orgovány', 'Zala'),
(2671, 'Őrhalom', 'Zala'),
(9933, 'Őrimagyarósd', 'Győr-Moson-Sopron'),
(9941, 'Őriszentpéter', 'Vas'),
(2377, 'Örkény', 'Heves'),
(8983, 'Ormándlak', 'Vas'),
(5222, 'Örményes', 'Borsod-Abaúj-Zemplén'),
(5556, 'Örménykút', 'Somogy'),
(3743, 'Ormosbánya', 'Borsod-Abaúj-Zemplén'),
(5904, 'Orosháza', 'Borsod-Abaúj-Zemplén'),
(5903, 'Orosháza', 'Borsod-Abaúj-Zemplén'),
(5905, 'Orosháza', 'Borsod-Abaúj-Zemplén'),
(5900, 'Orosháza', 'Borsod-Abaúj-Zemplén'),
(8458, 'Oroszi', 'Borsod-Abaúj-Zemplén'),
(2840, 'Oroszlány', 'Borsod-Abaúj-Zemplén'),
(7370, 'Oroszló', 'Borsod-Abaúj-Zemplén'),
(8744, 'Orosztony', 'Baranya'),
(8954, 'Ortaháza', 'Zala'),
(8854, 'Őrtilos', 'Tolna'),
(8242, 'Örvényes', 'Veszprém'),
(2610, 'Ősagárd', 'Tolna'),
(8161, 'Ősi', 'Jász-Nagykun-Szolnok'),
(8191, 'Öskü', 'Szabolcs-Szatmár-Bereg'),
(9354, 'Osli', 'Vas'),
(9512, 'Ostffyasszonyfa', 'Szabolcs-Szatmár-Bereg'),
(3326, 'Ostoros', 'Szabolcs-Szatmár-Bereg'),
(9825, 'Oszkó', 'Pest'),
(3591, 'Oszlár', 'Bács-Kiskun'),
(7444, 'Osztopán', 'Somogy'),
(9153, 'Öttevény', 'Nógrád'),
(6784, 'Öttömös', 'Vas'),
(7511, 'Ötvöskónyi', 'Vas'),
(3604, 'Ózd', 'Pest'),
(3651, 'Ózd', 'Jász-Nagykun-Szolnok'),
(3661, 'Ózd', 'Békés'),
(3603, 'Ózd', 'Somogy'),
(3662, 'Ózd', 'Veszprém'),
(3625, 'Ózd', 'Nógrád'),
(3621, 'Ózd', 'Veszprém'),
(3600, 'Ózd', 'Veszprém'),
(7836, 'Ózdfalu', 'Győr-Moson-Sopron'),
(8998, 'Ozmánbük', 'Csongrád'),
(7086, 'Ozora', 'Somogy'),
(3964, 'Pácin', 'Borsod-Abaúj-Zemplén'),
(8761, 'Pacsa', 'Zala'),
(9823, 'Pácsony', 'Vas'),
(8935, 'Padár', 'Zala'),
(6075, 'Páhi', 'Bács-Kiskun'),
(8956, 'Páka', 'Zala'),
(8799, 'Pakod', 'Zala'),
(8095, 'Pákozd', 'Fejér'),
(7027, 'Paks', 'Tolna'),
(7030, 'Paks', 'Tolna'),
(7370, 'Palé', 'Baranya'),
(7042, 'Pálfa', 'Tolna'),
(8990, 'Pálfiszeg', 'Zala'),
(3994, 'Pálháza', 'Borsod-Abaúj-Zemplén'),
(9345, 'Páli', 'Győr-Moson-Sopron'),
(7771, 'Palkonya', 'Baranya'),
(7561, 'Pálmajor', 'Somogy'),
(6112, 'Pálmonostora', 'Bács-Kiskun'),
(7727, 'Palotabozsok', 'Baranya'),
(3042, 'Palotás', 'Nógrád'),
(8229, 'Paloznak', 'Veszprém'),
(3821, 'Pamlény', 'Borsod-Abaúj-Zemplén'),
(8698, 'Pamuk', 'Somogy'),
(2214, 'Pánd', 'Pest'),
(9937, 'Pankasz', 'Vas'),
(9090, 'Pannonhalma', 'Győr-Moson-Sopron'),
(3898, 'Pányok', 'Borsod-Abaúj-Zemplén'),
(4913, 'Panyola', 'Szabolcs-Szatmár-Bereg'),
(4631, 'Pap', 'Szabolcs-Szatmár-Bereg'),
(8511, 'Pápa', 'Veszprém'),
(8591, 'Pápa', 'Veszprém'),
(8598, 'Pápa', 'Veszprém'),
(8500, 'Pápa', 'Veszprém'),
(8593, 'Pápadereske', 'Veszprém'),
(8596, 'Pápakovácsi', 'Veszprém'),
(8594, 'Pápasalamon', 'Veszprém'),
(8556, 'Pápateszér', 'Veszprém'),
(8183, 'Papkeszi', 'Veszprém'),
(9515, 'Pápoc', 'Vas'),
(4338, 'Papos', 'Szabolcs-Szatmár-Bereg'),
(7838, 'Páprád', 'Baranya'),
(3244, 'Parád', 'Heves'),
(3240, 'Parád', 'Heves'),
(3242, 'Parádsasvár', 'Heves'),
(3777, 'Parasznya', 'Borsod-Abaúj-Zemplén'),
(4475, 'Paszab', 'Szabolcs-Szatmár-Bereg'),
(3065, 'Pásztó', 'Nógrád'),
(3082, 'Pásztó', 'Nógrád'),
(3060, 'Pásztó', 'Nógrád'),
(9311, 'Pásztori', 'Győr-Moson-Sopron'),
(8825, 'Pat', 'Zala'),
(2648, 'Patak', 'Nógrád'),
(7463, 'Patalom', 'Somogy'),
(7923, 'Patapoklosi', 'Baranya'),
(7477, 'Patca', 'Somogy'),
(8092, 'Pátka', 'Fejér'),
(7536, 'Patosfa', 'Somogy'),
(4523, 'Pátroha', 'Szabolcs-Szatmár-Bereg'),
(2668, 'Patvarc', 'Nógrád'),
(2071, 'Páty', 'Pest'),
(4766, 'Pátyod', 'Szabolcs-Szatmár-Bereg'),
(2476, 'Pázmánd', 'Fejér'),
(9085, 'Pázmándfalu', 'Győr-Moson-Sopron'),
(2119, 'Pécel', 'Pest'),
(9754, 'Pecöl', 'Vas'),
(7693, 'Pécs', 'Baranya'),
(7691, 'Pécs', 'Baranya'),
(7600, 'Pécs', 'Baranya'),
(7621, 'Pécs', 'Baranya'),
(7622, 'Pécs', 'Baranya'),
(7623, 'Pécs', 'Baranya'),
(7624, 'Pécs', 'Baranya'),
(7625, 'Pécs', 'Baranya'),
(7626, 'Pécs', 'Baranya'),
(7627, 'Pécs', 'Baranya'),
(7628, 'Pécs', 'Baranya'),
(7629, 'Pécs', 'Baranya'),
(7630, 'Pécs', 'Baranya'),
(7631, 'Pécs', 'Baranya'),
(7632, 'Pécs', 'Baranya'),
(7633, 'Pécs', 'Baranya'),
(7634, 'Pécs', 'Baranya'),
(7635, 'Pécs', 'Baranya'),
(7636, 'Pécs', 'Baranya'),
(7951, 'Pécsbagota', 'Baranya'),
(7766, 'Pécsdevecser', 'Baranya'),
(8245, 'Pécsely', 'Veszprém'),
(7762, 'Pécsudvard', 'Baranya'),
(7720, 'Pécsvárad', 'Baranya'),
(7831, 'Pellérd', 'Baranya'),
(3381, 'Pély', 'Heves'),
(2614, 'Penc', 'Pest'),
(4267, 'Penészlek', 'Szabolcs-Szatmár-Bereg'),
(4941, 'Penyige', 'Veszprém'),
(8426, 'Pénzesgyőr', 'Szabolcs-Szatmár-Bereg'),
(9099, 'Pér', 'Győr-Moson-Sopron'),
(2074, 'Perbál', 'Pest'),
(3853, 'Pere', 'Borsod-Abaúj-Zemplén'),
(3821, 'Perecse', 'Borsod-Abaúj-Zemplén'),
(7664, 'Pereked', 'Baranya'),
(9722, 'Perenye', 'Vas'),
(9734, 'Peresznye', 'Vas'),
(9484, 'Pereszteg', 'Győr-Moson-Sopron'),
(2431, 'Perkáta', 'Fejér'),
(3756, 'Perkupa', 'Borsod-Abaúj-Zemplén'),
(2637, 'Perőcsény', 'Pest'),
(7766, 'Peterd', 'Baranya'),
(7582, 'Péterhida', 'Somogy'),
(2209, 'Péteri', 'Pest'),
(3250, 'Pétervására', 'Heves'),
(8105, 'Pétfürdő', 'Veszprém'),
(8921, 'Pethőhenye', 'Zala'),
(4542, 'Petneháza', 'Szabolcs-Szatmár-Bereg'),
(3023, 'Petőfibánya', 'Heves'),
(6113, 'Petőfiszállás', 'Bács-Kiskun'),
(9443, 'Petőháza', 'Győr-Moson-Sopron'),
(9826, 'Petőmihályfa', 'Vas'),
(8984, 'Petrikeresztúr', 'Zala'),
(8866, 'Petrivente', 'Zala'),
(7980, 'Pettend', 'Baranya'),
(3134, 'Piliny', 'Nógrád'),
(2721, 'Pilis', 'Pest'),
(2097, 'Pilisborosjenő', 'Pest'),
(2087, 'Piliscsaba', 'Pest'),
(2081, 'Piliscsaba', 'Pest'),
(2519, 'Piliscsév', 'Komárom-Esztergom'),
(2080, 'Pilisjászfalu', 'Pest'),
(2028, 'Pilismarót', 'Komárom-Esztergom'),
(2095, 'Pilisszántó', 'Pest'),
(2084, 'Pilisszentiván', 'Pest'),
(2099, 'Pilisszentkereszt', 'Pest'),
(2098, 'Pilisszentkereszt', 'Pest'),
(2009, 'Pilisszentlászló', 'Pest'),
(2085, 'Pilisvörösvár', 'Pest'),
(7084, 'Pincehely', 'Tolna'),
(9922, 'Pinkamindszent', 'Vas'),
(9481, 'Pinnye', 'Győr-Moson-Sopron'),
(4375, 'Piricse', 'Szabolcs-Szatmár-Bereg'),
(6414, 'Pirtó', 'Bács-Kiskun'),
(7838, 'Piskó', 'Baranya'),
(6914, 'Pitvaros', 'Csongrád'),
(7756, 'Pócsa', 'Baranya'),
(4125, 'Pocsaj', 'Hajdú-Bihar'),
(2017, 'Pócsmegyer', 'Pest'),
(4327, 'Pócspetri', 'Szabolcs-Szatmár-Bereg'),
(7666, 'Pogány', 'Baranya'),
(8728, 'Pogányszentpéter', 'Somogy'),
(8932, 'Pókaszepetk', 'Zala'),
(7458, 'Polány', 'Somogy'),
(4090, 'Polgár', 'Hajdú-Bihar'),
(8153, 'Polgárdi', 'Fejér'),
(8155, 'Polgárdi', 'Fejér'),
(8154, 'Polgárdi', 'Fejér'),
(8929, 'Pölöske', 'Pest'),
(8773, 'Pölöskefő', 'Szabolcs-Szatmár-Bereg'),
(2013, 'Pomáz', 'Vas'),
(7142, 'Pörböly', 'Heves'),
(4761, 'Porcsalma', 'Vas'),
(8956, 'Pördefölde', 'Somogy'),
(9796, 'Pornóapáti', 'Somogy'),
(3388, 'Poroszló', 'Somogy'),
(9612, 'Porpác', 'Zala'),
(8858, 'Porrog', 'Veszprém'),
(8858, 'Porrogszentkirály', 'Vas'),
(8858, 'Porrogszentpál', 'Somogy'),
(8986, 'Pórszombat', 'Győr-Moson-Sopron'),
(8429, 'Porva', 'Zala'),
(9636, 'Pósfa', 'Zala'),
(7977, 'Potony', 'Tolna'),
(8767, 'Pötréte', 'Zala'),
(9324, 'Potyond', 'Zala'),
(3925, 'Prügy', 'Borsod-Abaúj-Zemplén'),
(8291, 'Pula', 'Veszprém'),
(9235, 'Püski', 'Zala'),
(2682, 'Püspökhatvan', 'Nógrád'),
(4150, 'Püspökladány', 'Győr-Moson-Sopron'),
(9776, 'Püspökmolnári', 'Vas'),
(2166, 'Püspökszilágy', 'Szabolcs-Szatmár-Bereg'),
(8986, 'Pusztaapáti', 'Zala'),
(2658, 'Pusztaberki', 'Borsod-Abaúj-Zemplén'),
(9373, 'Pusztacsalád', 'Békés'),
(9739, 'Pusztacsó', 'Tolna'),
(4565, 'Pusztadobos', 'Somogy'),
(8946, 'Pusztaederics', 'Zala'),
(3995, 'Pusztafalu', 'Csongrád'),
(5919, 'Pusztaföldvár', 'Veszprém'),
(7038, 'Pusztahencse', 'Jász-Nagykun-Szolnok'),
(8707, 'Pusztakovácsi', 'Békés'),
(8895, 'Pusztamagyaród', 'Borsod-Abaúj-Zemplén'),
(6785, 'Pusztamérges', 'Fejér'),
(8455, 'Pusztamiske', 'Somogy'),
(5125, 'Pusztamonostor', 'Zala'),
(5665, 'Pusztaottlaka', 'Csongrád'),
(3874, 'Pusztaradvány', 'Pest'),
(2490, 'Pusztaszabolcs', 'Fejér'),
(8619, 'Pusztaszemes', 'Pest'),
(8896, 'Pusztaszentlászló', 'Borsod-Abaúj-Zemplén'),
(6769, 'Pusztaszer', 'Győr-Moson-Sopron'),
(2378, 'Pusztavacs', 'Pest'),
(8066, 'Pusztavám', 'Hajdú-Bihar'),
(2039, 'Pusztazámor', 'Vas'),
(3630, 'Putnok', 'Pest'),
(9313, 'Rábacsanak', 'Győr-Moson-Sopron'),
(9136, 'Rábacsécsény', 'Győr-Moson-Sopron'),
(9961, 'Rábagyarmat', 'Vas'),
(9777, 'Rábahidvég', 'Vas'),
(9344, 'Rábakecöl', 'Győr-Moson-Sopron'),
(9142, 'Rábapatona', 'Győr-Moson-Sopron'),
(9641, 'Rábapaty', 'Vas'),
(9146, 'Rábapordány', 'Győr-Moson-Sopron'),
(9327, 'Rábasebes', 'Győr-Moson-Sopron'),
(9316, 'Rábaszentandrás', 'Győr-Moson-Sopron'),
(9135, 'Rábaszentmihály', 'Győr-Moson-Sopron'),
(9133, 'Rábaszentmiklós', 'Győr-Moson-Sopron'),
(9322, 'Rábatamási', 'Győr-Moson-Sopron'),
(9766, 'Rábatöttös', 'Vas'),
(9165, 'Rábcakapi', 'Győr-Moson-Sopron'),
(2459, 'Rácalmás', 'Fejér'),
(2465, 'Ráckeresztúr', 'Fejér'),
(2300, 'Ráckeve', 'Pest'),
(2613, 'Rád', 'Pest'),
(7817, 'Rádfalva', 'Baranya'),
(9784, 'Rádóckölked', 'Vas'),
(3776, 'Radostyán', 'Borsod-Abaúj-Zemplén'),
(3724, 'Ragály', 'Borsod-Abaúj-Zemplén'),
(9224, 'Rajka', 'Győr-Moson-Sopron'),
(3825, 'Rakaca', 'Borsod-Abaúj-Zemplén'),
(3826, 'Rakacaszend', 'Borsod-Abaúj-Zemplén'),
(4465, 'Rakamaz', 'Szabolcs-Szatmár-Bereg'),
(5085, 'Rákóczifalva', 'Jász-Nagykun-Szolnok'),
(5084, 'Rákócziújfalu', 'Jász-Nagykun-Szolnok'),
(7464, 'Ráksi', 'Somogy'),
(8973, 'Ramocsa', 'Zala'),
(4536, 'Ramocsaháza', 'Szabolcs-Szatmár-Bereg'),
(4756, 'Rápolt', 'Szabolcs-Szatmár-Bereg'),
(8300, 'Raposka', 'Veszprém'),
(3833, 'Rásonysápberencs', 'Borsod-Abaúj-Zemplén'),
(3908, 'Rátka', 'Borsod-Abaúj-Zemplén'),
(9951, 'Rátót', 'Vas'),
(9091, 'Ravazd', 'Győr-Moson-Sopron'),
(3245, 'Recsk', 'Heves'),
(2886, 'Réde', 'Komárom-Esztergom'),
(8978, 'Rédics', 'Zala'),
(3893, 'Regéc', 'Borsod-Abaúj-Zemplén'),
(7833, 'Regenye', 'Baranya'),
(7193, 'Regöly', 'Tolna'),
(6446, 'Rém', 'Bács-Kiskun'),
(2094, 'Remeteszőlős', 'Pest'),
(3559, 'Répáshuta', 'Borsod-Abaúj-Zemplén'),
(9653, 'Répcelak', 'Vas'),
(9375, 'Répceszemere', 'Győr-Moson-Sopron'),
(9623, 'Répceszentgyörgy', 'Vas'),
(9475, 'Répcevis', 'Győr-Moson-Sopron'),
(8977, 'Resznek', 'Zala'),
(9074, 'Rétalap', 'Győr-Moson-Sopron'),
(4525, 'Rétközberencs', 'Szabolcs-Szatmár-Bereg'),
(2651, 'Rétság', 'Nógrád'),
(8253, 'Révfülöp', 'Veszprém'),
(3976, 'Révleányvár', 'Borsod-Abaúj-Zemplén'),
(8373, 'Rezi', 'Zala'),
(3974, 'Ricse', 'Borsod-Abaúj-Zemplén'),
(8348, 'Rigács', 'Veszprém'),
(8883, 'Rigyác', 'Zala'),
(3177, 'Rimóc', 'Nógrád'),
(7552, 'Rinyabesenyő', 'Somogy'),
(7527, 'Rinyakovácsi', 'Somogy'),
(7513, 'Rinyaszentkirály', 'Somogy'),
(7556, 'Rinyaújlak', 'Somogy'),
(7584, 'Rinyaújnép', 'Somogy'),
(4563, 'Rohod', 'Szabolcs-Szatmár-Bereg'),
(9451, 'Röjtökmuzsaj', 'Veszprém'),
(8434, 'Románd', 'Nógrád'),
(2654, 'Romhány', 'Baranya'),
(7743, 'Romonya', 'Baranya'),
(9954, 'Rönök', 'Szabolcs-Szatmár-Bereg'),
(6758, 'Röszke', 'Heves'),
(7914, 'Rózsafa', 'Győr-Moson-Sopron'),
(4971, 'Rozsály', 'Vas'),
(3033, 'Rózsaszentmárton', 'Csongrád'),
(3733, 'Rudabánya', 'Borsod-Abaúj-Zemplén'),
(3742, 'Rudolftelep', 'Borsod-Abaúj-Zemplén'),
(9766, 'Rum', 'Vas'),
(6786, 'Ruzsa', 'Csongrád'),
(3162, 'Ságújfalu', 'Nógrád'),
(8654, 'Ságvár', 'Somogy'),
(3792, 'Sajóbábony', 'Borsod-Abaúj-Zemplén'),
(3793, 'Sajóecseg', 'Borsod-Abaúj-Zemplén'),
(3636, 'Sajógalgóc', 'Borsod-Abaúj-Zemplén'),
(3576, 'Sajóhidvég', 'Borsod-Abaúj-Zemplén'),
(3720, 'Sajóivánka', 'Borsod-Abaúj-Zemplén'),
(3773, 'Sajókápolna', 'Borsod-Abaúj-Zemplén'),
(3720, 'Sajókaza', 'Borsod-Abaúj-Zemplén'),
(3791, 'Sajókeresztúr', 'Borsod-Abaúj-Zemplén'),
(3572, 'Sajólád', 'Borsod-Abaúj-Zemplén'),
(3773, 'Sajólászlófalva', 'Borsod-Abaúj-Zemplén'),
(3656, 'Sajómercse', 'Borsod-Abaúj-Zemplén'),
(3652, 'Sajónémeti', 'Borsod-Abaúj-Zemplén'),
(3586, 'Sajóörös', 'Borsod-Abaúj-Zemplén'),
(3714, 'Sajópálfala', 'Borsod-Abaúj-Zemplén'),
(3573, 'Sajópetri', 'Borsod-Abaúj-Zemplén'),
(3653, 'Sajópüspöki', 'Borsod-Abaúj-Zemplén'),
(3712, 'Sajósenye', 'Borsod-Abaúj-Zemplén'),
(3770, 'Sajószentpéter', 'Borsod-Abaúj-Zemplén'),
(3599, 'Sajószöged', 'Borsod-Abaúj-Zemplén'),
(3712, 'Sajóvámos', 'Borsod-Abaúj-Zemplén'),
(3656, 'Sajóvelezd', 'Borsod-Abaúj-Zemplén'),
(9632, 'Sajtoskál', 'Vas'),
(8256, 'Salföld', 'Veszprém'),
(3102, 'Salgótarján', 'Nógrád'),
(3109, 'Salgótarján', 'Nógrád'),
(3121, 'Salgótarján', 'Nógrád'),
(3104, 'Salgótarján', 'Nógrád'),
(3141, 'Salgótarján', 'Nógrád'),
(3100, 'Salgótarján', 'Nógrád'),
(9742, 'Salköveskút', 'Vas'),
(8995, 'Salomvár', 'Zala'),
(3425, 'Sály', 'Borsod-Abaúj-Zemplén'),
(7841, 'Sámod', 'Baranya'),
(3074, 'Sámsonháza', 'Nógrád'),
(8824, 'Sand', 'Zala'),
(6762, 'Sándorfalva', 'Csongrád'),
(7479, 'Sántos', 'Somogy'),
(4176, 'Sáp', 'Hajdú-Bihar'),
(4272, 'Sáránd', 'Hajdú-Bihar'),
(3942, 'Sárazsadány', 'Borsod-Abaúj-Zemplén'),
(7018, 'Sárbogárd', 'Fejér'),
(7019, 'Sárbogárd', 'Fejér'),
(7003, 'Sárbogárd', 'Fejér'),
(7000, 'Sárbogárd', 'Fejér'),
(7014, 'Sáregres', 'Fejér'),
(9813, 'Sárfimizdó', 'Vas'),
(8944, 'Sárhida', 'Zala'),
(2523, 'Sárisáp', 'Komárom-Esztergom'),
(5720, 'Sarkad', 'Békés'),
(5731, 'Sarkadkeresztúr', 'Békés'),
(8051, 'Sárkeresztes', 'Fejér'),
(8125, 'Sárkeresztúr', 'Fejér'),
(8144, 'Sárkeszi', 'Fejér'),
(8391, 'Sármellék', 'Zala'),
(7781, 'Sárok', 'Baranya'),
(2433, 'Sárosd', 'Fejér'),
(3952, 'Sárospatak', 'Borsod-Abaúj-Zemplén'),
(3950, 'Sárospatak', 'Borsod-Abaúj-Zemplén'),
(7145, 'Sárpilis', 'Tolna'),
(4171, 'Sárrétudvari', 'Hajdú-Bihar'),
(9434, 'Sarród', 'Győr-Moson-Sopron'),
(9435, 'Sarród', 'Győr-Moson-Sopron'),
(8126, 'Sárszentágota', 'Fejér'),
(7047, 'Sárszentlőrinc', 'Tolna'),
(8141, 'Sárszentmihály', 'Fejér'),
(8143, 'Sárszentmihály', 'Fejér'),
(3386, 'Sarud', 'Heves'),
(9609, 'Sárvár', 'Vas'),
(9608, 'Sárvár', 'Vas'),
(9600, 'Sárvár', 'Vas'),
(7370, 'Sásd', 'Baranya'),
(8308, 'Sáska', 'Veszprém'),
(3659, 'Sáta', 'Borsod-Abaúj-Zemplén'),
(3944, 'Sátoraljaújhely', 'Borsod-Abaúj-Zemplén'),
(3945, 'Sátoraljaújhely', 'Borsod-Abaúj-Zemplén'),
(3988, 'Sátoraljaújhely', 'Borsod-Abaúj-Zemplén'),
(3980, 'Sátoraljaújhely', 'Borsod-Abaúj-Zemplén'),
(7785, 'Sátorhely', 'Baranya'),
(8732, 'Sávoly', 'Somogy'),
(9789, 'Sé', 'Vas'),
(7562, 'Segesd', 'Somogy'),
(7960, 'Sellye', 'Baranya'),
(3809, 'Selyeb', 'Borsod-Abaúj-Zemplén'),
(3974, 'Semjén', 'Borsod-Abaúj-Zemplén'),
(8862, 'Semjénháza', 'Zala'),
(8788, 'Sénye', 'Zala'),
(4533, 'Sényő', 'Szabolcs-Szatmár-Bereg'),
(8111, 'Seregélyes', 'Fejér'),
(3729, 'Serényfalva', 'Borsod-Abaúj-Zemplén'),
(8660, 'Sérsekszőlős', 'Somogy'),
(8439, 'Sikátor', 'Veszprém'),
(7818, 'Siklós', 'Baranya'),
(7800, 'Siklós', 'Baranya'),
(7814, 'Siklósbodony', 'Baranya'),
(7823, 'Siklósnagyfalu', 'Baranya'),
(3881, 'Sima', 'Borsod-Abaúj-Zemplén'),
(9633, 'Simaság', 'Vas'),
(7474, 'Simonfa', 'Somogy'),
(7081, 'Simontornya', 'Tolna'),
(7171, 'Sióagárd', 'Tolna'),
(8611, 'Siófok', 'Somogy'),
(8609, 'Siófok', 'Somogy'),
(8600, 'Siófok', 'Somogy'),
(8652, 'Siójut', 'Somogy'),
(3332, 'Sirok', 'Heves'),
(9671, 'Sitke', 'Vas'),
(9315, 'Sobor', 'Győr-Moson-Sopron'),
(8897, 'Söjtör', 'Győr-Moson-Sopron'),
(9112, 'Sokorópátka', 'Bács-Kiskun'),
(6320, 'Solt', 'Bács-Kiskun'),
(6223, 'Soltszentimre', 'Bács-Kiskun'),
(6230, 'Soltvadkert', 'Veszprém'),
(8193, 'Sóly', 'Pest'),
(2083, 'Solymár', 'Somogy'),
(8655, 'Som', 'Baranya'),
(7728, 'Somberek', 'Veszprém'),
(8478, 'Somlójenő', 'Veszprém'),
(8483, 'Somlószőlős', 'Veszprém'),
(8481, 'Somlóvásárhely', 'Veszprém'),
(8484, 'Somlóvecse', 'Somogy'),
(7454, 'Somodor', 'Somogy'),
(7283, 'Somogyacsa', 'Baranya'),
(7922, 'Somogyapáti', 'Somogy'),
(7584, 'Somogyaracs', 'Somogy'),
(7452, 'Somogyaszaló', 'Somogy'),
(8684, 'Somogybabod', 'Somogy'),
(8858, 'Somogybükkösd', 'Somogy'),
(8726, 'Somogycsicsó', 'Somogy'),
(7284, 'Somogydöröcske', 'Somogy'),
(8666, 'Somogyegres', 'Somogy'),
(8708, 'Somogyfajsz', 'Somogy'),
(7455, 'Somogygeszti', 'Baranya'),
(7925, 'Somogyhárságy', 'Baranya'),
(7921, 'Somogyhatvan', 'Somogy'),
(7443, 'Somogyjád', 'Somogy'),
(8673, 'Somogymeggyes', 'Somogy'),
(8733, 'Somogysámson', 'Somogy'),
(7435, 'Somogysárd', 'Somogy'),
(8737, 'Somogysimonyi', 'Somogy'),
(8705, 'Somogyszentpál', 'Somogy'),
(7276, 'Somogyszil', 'Somogy'),
(7563, 'Somogyszob', 'Somogy'),
(8683, 'Somogytúr', 'Somogy'),
(7515, 'Somogyudvarhely', 'Somogy'),
(8699, 'Somogyvámos', 'Somogy'),
(8698, 'Somogyvár', 'Baranya'),
(7924, 'Somogyviszló', 'Somogy'),
(8734, 'Somogyzsitfa', 'Szabolcs-Szatmár-Bereg'),
(4954, 'Sonkád', 'Fejér'),
(8123, 'Soponya', 'Győr-Moson-Sopron'),
(9494, 'Sopron', 'Győr-Moson-Sopron'),
(9408, 'Sopron', 'Győr-Moson-Sopron'),
(9407, 'Sopron', 'Győr-Moson-Sopron'),
(9400, 'Sopron', 'Győr-Moson-Sopron'),
(9463, 'Sopronhorpács', 'Győr-Moson-Sopron'),
(9483, 'Sopronkövesd', 'Győr-Moson-Sopron'),
(9325, 'Sopronnémeti', 'Vas'),
(9743, 'Söpte', 'Vas'),
(8072, 'Söréd', 'Zala'),
(9774, 'Sorkifalud', 'Vas'),
(9774, 'Sorkikápolna', 'Nógrád'),
(8881, 'Sormás', 'Pest'),
(9773, 'Sorokpolány', 'Borsod-Abaúj-Zemplén'),
(3131, 'Sóshartyán', 'Baranya'),
(2038, 'Sóskút', 'Vas'),
(3716, 'Sóstófalva', 'Zala'),
(7960, 'Sósvertike', 'Vas'),
(9681, 'Sótony', 'Fejér'),
(8096, 'Sukoró', 'Fejér'),
(6346, 'Sükösd', 'Baranya'),
(2242, 'Sülysáp', 'Komárom-Esztergom'),
(2241, 'Sülysáp', 'Zala'),
(8330, 'Sümeg', 'Bács-Kiskun'),
(8357, 'Sümegcsehi', 'Pest'),
(8351, 'Sümegprága', 'Pest'),
(7960, 'Sumony', 'Veszprém'),
(2889, 'Súr', 'Zala'),
(8856, 'Surd', 'Veszprém'),
(2543, 'Süttő', 'Komárom-Esztergom'),
(8151, 'Szabadbattyán', 'Fejér'),
(2432, 'Szabadegyháza', 'Fejér'),
(8139, 'Szabadhidvég', 'Fejér'),
(8138, 'Szabadhidvég', 'Fejér'),
(7253, 'Szabadi', 'Somogy'),
(5712, 'Szabadkígyós', 'Békés'),
(6080, 'Szabadszállás', 'Bács-Kiskun'),
(7951, 'Szabadszentkirály', 'Baranya'),
(7544, 'Szabás', 'Somogy'),
(4467, 'Szabolcs', 'Szabolcs-Szatmár-Bereg'),
(4547, 'Szabolcsbáka', 'Szabolcs-Szatmár-Bereg'),
(4496, 'Szabolcsveresmart', 'Szabolcs-Szatmár-Bereg'),
(2111, 'Szada', 'Pest'),
(7383, 'Szágy', 'Baranya'),
(7753, 'Szajk', 'Baranya'),
(3334, 'Szajla', 'Heves'),
(5081, 'Szajol', 'Jász-Nagykun-Szolnok'),
(3786, 'Szakácsi', 'Borsod-Abaúj-Zemplén'),
(7071, 'Szakadát', 'Tolna'),
(3596, 'Szakáld', 'Borsod-Abaúj-Zemplén'),
(7192, 'Szakály', 'Tolna'),
(7213, 'Szakcs', 'Tolna'),
(6336, 'Szakmár', 'Bács-Kiskun'),
(9934, 'Szaknyér', 'Vas'),
(4234, 'Szakoly', 'Szabolcs-Szatmár-Bereg'),
(9474, 'Szakony', 'Győr-Moson-Sopron'),
(9983, 'Szakonyfalu', 'Vas'),
(2856, 'Szákszend', 'Komárom-Esztergom'),
(9942, 'Szalafő', 'Vas'),
(7811, 'Szalánta', 'Baranya'),
(8341, 'Szalapa', 'Zala'),
(3863, 'Szalaszend', 'Borsod-Abaúj-Zemplén'),
(7334, 'Szalatnak', 'Baranya'),
(7121, 'Szálka', 'Tolna'),
(6086, 'Szalkszentmárton', 'Bács-Kiskun'),
(3163, 'Szalmatercs', 'Nógrád'),
(3754, 'Szalonna', 'Borsod-Abaúj-Zemplén'),
(4767, 'Szamosangyalos', 'Szabolcs-Szatmár-Bereg'),
(4745, 'Szamosbecs', 'Szabolcs-Szatmár-Bereg'),
(4721, 'Szamoskér', 'Szabolcs-Szatmár-Bereg'),
(4735, 'Szamossályi', 'Szabolcs-Szatmár-Bereg'),
(4824, 'Szamosszeg', 'Szabolcs-Szatmár-Bereg'),
(4746, 'Szamostatárfalva', 'Szabolcs-Szatmár-Bereg'),
(4734, 'Szamosújlak', 'Szabolcs-Szatmár-Bereg'),
(2697, 'Szanda', 'Nógrád'),
(6131, 'Szank', 'Bács-Kiskun'),
(8622, 'Szántód', 'Somogy'),
(9317, 'Szany', 'Győr-Moson-Sopron'),
(8423, 'Szápár', 'Veszprém'),
(7843, 'Szaporca', 'Baranya'),
(2066, 'Szár', 'Fejér'),
(7184, 'Szárász', 'Baranya'),
(7063, 'Szárazd', 'Tolna'),
(9353, 'Szárföld', 'Győr-Moson-Sopron'),
(2067, 'Szárliget', 'Komárom-Esztergom'),
(5540, 'Szarvas', 'Békés'),
(3051, 'Szarvasgede', 'Nógrád'),
(9913, 'Szarvaskend', 'Vas'),
(5053, 'Szászberek', 'Jász-Nagykun-Szolnok'),
(3821, 'Szászfa', 'Borsod-Abaúj-Zemplén'),
(7349, 'Szászvár', 'Baranya'),
(4945, 'Szatmárcseke', 'Szabolcs-Szatmár-Bereg'),
(2656, 'Szátok', 'Nógrád'),
(9938, 'Szatta', 'Vas'),
(6763, 'Szatymaz', 'Csongrád'),
(7813, 'Szava', 'Baranya'),
(2440, 'Százhalombatta', 'Pest'),
(7725, 'Szebény', 'Baranya'),
(2692, 'Szécsénke', 'Nógrád'),
(3170, 'Szécsény', 'Nógrád'),
(3135, 'Szécsényfelfalu', 'Nógrád'),
(8879, 'Szécsisziget', 'Zala'),
(7751, 'Szederkény', 'Baranya'),
(7056, 'Szedres', 'Tolna'),
(6757, 'Szeged', 'Csongrád'),
(6791, 'Szeged', 'Csongrád'),
(6710, 'Szeged', 'Csongrád'),
(6771, 'Szeged', 'Csongrád'),
(6753, 'Szeged', 'Csongrád'),
(6700, 'Szeged', 'Csongrád'),
(6720, 'Szeged', 'Csongrád'),
(6721, 'Szeged', 'Csongrád'),
(6722, 'Szeged', 'Csongrád'),
(6723, 'Szeged', 'Csongrád'),
(6724, 'Szeged', 'Csongrád'),
(6725, 'Szeged', 'Csongrád'),
(6726, 'Szeged', 'Csongrád'),
(6727, 'Szeged', 'Csongrád'),
(6728, 'Szeged', 'Csongrád'),
(6729, 'Szeged', 'Csongrád'),
(8732, 'Szegerdő', 'Somogy'),
(5520, 'Szeghalom', 'Békés'),
(3918, 'Szegi', 'Borsod-Abaúj-Zemplén'),
(3918, 'Szegilong', 'Borsod-Abaúj-Zemplén'),
(6635, 'Szegvár', 'Csongrád'),
(4534, 'Székely', 'Szabolcs-Szatmár-Bereg'),
(7737, 'Székelyszabar', 'Baranya'),
(8019, 'Székesfehérvár', 'Fejér'),
(8000, 'Székesfehérvár', 'Fejér'),
(6821, 'Székkutas', 'Csongrád'),
(7100, 'Szekszárd', 'Tolna'),
(9622, 'Szeleste', 'Vas'),
(5476, 'Szelevény', 'Jász-Nagykun-Szolnok'),
(7661, 'Szellő', 'Baranya'),
(7763, 'Szemely', 'Baranya'),
(9685, 'Szemenye', 'Vas'),
(3866, 'Szemere', 'Borsod-Abaúj-Zemplén'),
(2640, 'Szendehely', 'Nógrád'),
(3752, 'Szendrő', 'Borsod-Abaúj-Zemplén'),
(3751, 'Szendrőlád', 'Borsod-Abaúj-Zemplén'),
(7477, 'Szenna', 'Somogy'),
(8849, 'Szenta', 'Somogy'),
(8272, 'Szentantalfa', 'Veszprém'),
(7472, 'Szentbalázs', 'Somogy'),
(8281, 'Szentbékkálla', 'Veszprém'),
(7918, 'Szentborbás', 'Somogy'),
(7913, 'Szentdénes', 'Baranya'),
(3259, 'Szentdomonkos', 'Heves'),
(2655, 'Szente', 'Nógrád'),
(7915, 'Szentegát', 'Baranya'),
(2000, 'Szentendre', 'Pest'),
(6600, 'Szentes', 'Csongrád'),
(8444, 'Szentgál', 'Veszprém'),
(7465, 'Szentgáloskér', 'Somogy'),
(9981, 'Szentgotthárd', 'Vas'),
(9955, 'Szentgotthárd', 'Vas'),
(9970, 'Szentgotthárd', 'Vas'),
(8393, 'Szentgyörgyvár', 'Zala'),
(8975, 'Szentgyörgyvölgy', 'Zala'),
(8475, 'Szentimrefalva', 'Veszprém'),
(3418, 'Szentistván', 'Borsod-Abaúj-Zemplén'),
(3844, 'Szentistvánbaksa', 'Borsod-Abaúj-Zemplén'),
(8272, 'Szentjakabfa', 'Veszprém'),
(7681, 'Szentkatalin', 'Baranya'),
(6031, 'Szentkirály', 'Bács-Kiskun'),
(8225, 'Szentkirályszabadja', 'Veszprém'),
(8947, 'Szentkozmadombja', 'Zala'),
(7936, 'Szentlászló', 'Baranya'),
(8893, 'Szentliszló', 'Zala'),
(7940, 'Szentlőrinc', 'Baranya'),
(2255, 'Szentlőrinckáta', 'Pest'),
(8872, 'Szentmargitfalva', 'Zala'),
(2254, 'Szentmártonkáta', 'Pest'),
(9799, 'Szentpéterfa', 'Vas'),
(8953, 'Szentpéterfölde', 'Zala'),
(4121, 'Szentpéterszeg', 'Hajdú-Bihar'),
(8762, 'Szentpéterúr', 'Zala'),
(8717, 'Szenyér', 'Somogy'),
(8861, 'Szepetnek', 'Zala'),
(9125, 'Szerecseny', 'Győr-Moson-Sopron'),
(6512, 'Szeremle', 'Bács-Kiskun'),
(3900, 'Szerencs', 'Borsod-Abaúj-Zemplén'),
(4162, 'Szerep', 'Hajdú-Bihar'),
(4163, 'Szerep', 'Hajdú-Bihar'),
(9523, 'Szergény', 'Vas'),
(2321, 'Szigetbecse', 'Pest'),
(2317, 'Szigetcsép', 'Pest'),
(2315, 'Szigethalom', 'Pest'),
(2015, 'Szigetmonostor', 'Pest'),
(2318, 'Szigetszentmárton', 'Pest'),
(2310, 'Szigetszentmiklós', 'Pest'),
(2319, 'Szigetújfalu', 'Pest'),
(7900, 'Szigetvár', 'Baranya'),
(8264, 'Szigliget', 'Veszprém'),
(3377, 'Szihalom', 'Heves'),
(8969, 'Szijártóháza', 'Zala'),
(3800, 'Szikszó', 'Borsod-Abaúj-Zemplén'),
(9326, 'Szil', 'Győr-Moson-Sopron'),
(7664, 'Szilágy', 'Baranya'),
(3125, 'Szilaspogony', 'Nógrád'),
(9312, 'Szilsárkány', 'Győr-Moson-Sopron'),
(8986, 'Szilvágy', 'Zala'),
(7811, 'Szilvás', 'Baranya'),
(7477, 'Szilvásszentmárton', 'Heves'),
(3348, 'Szilvásvárad', 'Somogy'),
(3761, 'Szin', 'Borsod-Abaúj-Zemplén'),
(3761, 'Szinpetri', 'Borsod-Abaúj-Zemplén'),
(3044, 'Szirák', 'Nógrád'),
(3711, 'Szirmabesenyő', 'Borsod-Abaúj-Zemplén'),
(2628, 'Szob', 'Pest'),
(8452, 'Szőc', 'Pest'),
(9935, 'Szőce', 'Somogy'),
(2134, 'Sződ', 'Jász-Nagykun-Szolnok'),
(2133, 'Sződliget', 'Jász-Nagykun-Szolnok'),
(3762, 'Szögliget', 'Vas'),
(7833, 'Szőke', 'Vas'),
(7763, 'Szőkéd', 'Vas'),
(8736, 'Szőkedencs', 'Komárom-Esztergom'),
(2624, 'Szokolya', 'Borsod-Abaúj-Zemplén'),
(8625, 'Szólád', 'Komárom-Esztergom'),
(5008, 'Szolnok', 'Somogy'),
(5000, 'Szolnok', 'Veszprém'),
(3757, 'Szőlősardó', 'Vas'),
(8692, 'Szőlősgyörök', 'Pest'),
(9707, 'Szombathely', 'Pest'),
(9719, 'Szombathely', 'Borsod-Abaúj-Zemplén'),
(9700, 'Szombathely', 'Baranya'),
(2896, 'Szomód', 'Baranya'),
(3411, 'Szomolya', 'Somogy'),
(2822, 'Szomor', 'Borsod-Abaúj-Zemplén'),
(7976, 'Szörény', 'Somogy'),
(7285, 'Szorosad', 'Baranya'),
(3341, 'Szúcs', 'Heves'),
(3034, 'Szűcsi', 'Nógrád'),
(2699, 'Szügy', 'Borsod-Abaúj-Zemplén'),
(3154, 'Szuha', 'Borsod-Abaúj-Zemplén'),
(3726, 'Szuhafő', 'Borsod-Abaúj-Zemplén'),
(3731, 'Szuhakálló', 'Baranya'),
(3734, 'Szuhogy', 'Somogy'),
(7932, 'Szulimán', 'Nógrád'),
(7539, 'Szulok', 'Heves'),
(7735, 'Szűr', 'Nógrád'),
(3064, 'Szurdokpüspöki', 'Baranya'),
(8660, 'Tab', 'Somogy'),
(8088, 'Tabajd', 'Fejér'),
(6224, 'Tabdi', 'Bács-Kiskun'),
(2381, 'Táborfalva', 'Pest'),
(8121, 'Tác', 'Fejér'),
(8272, 'Tagyon', 'Veszprém'),
(2022, 'Tahitótfalu', 'Pest'),
(2021, 'Tahitótfalu', 'Pest'),
(8541, 'Takácsi', 'Veszprém'),
(4845, 'Tákos', 'Szabolcs-Szatmár-Bereg'),
(2335, 'Taksony', 'Pest'),
(3926, 'Taktabáj', 'Borsod-Abaúj-Zemplén'),
(3922, 'Taktaharkány', 'Borsod-Abaúj-Zemplén'),
(3924, 'Taktakenéz', 'Borsod-Abaúj-Zemplén'),
(3921, 'Taktaszada', 'Borsod-Abaúj-Zemplén'),
(8295, 'Taliándörögd', 'Veszprém'),
(3907, 'Tállya', 'Borsod-Abaúj-Zemplén'),
(7091, 'Tamási', 'Tolna'),
(7090, 'Tamási', 'Tolna'),
(9762, 'Tanakajd', 'Vas'),
(9095, 'Táp', 'Győr-Moson-Sopron'),
(2764, 'Tápióbicske', 'Pest'),
(2767, 'Tápiógyörgye', 'Pest'),
(2253, 'Tápióság', 'Pest'),
(2251, 'Tápiószecső', 'Pest'),
(2766, 'Tápiószele', 'Pest'),
(2711, 'Tápiószentmárton', 'Pest'),
(2769, 'Tápiószőlős', 'Pest'),
(9761, 'Táplánszentkereszt', 'Vas'),
(8297, 'Tapolca', 'Veszprém'),
(8300, 'Tapolca', 'Veszprém'),
(8718, 'Tapsony', 'Somogy'),
(9094, 'Tápszentmiklós', 'Győr-Moson-Sopron'),
(3073, 'Tar', 'Nógrád'),
(7514, 'Tarany', 'Somogy'),
(3915, 'Tarcal', 'Borsod-Abaúj-Zemplén'),
(3416, 'Tard', 'Borsod-Abaúj-Zemplén'),
(3644, 'Tardona', 'Borsod-Abaúj-Zemplén'),
(2834, 'Tardos', 'Komárom-Esztergom'),
(5641, 'Tarhos', 'Békés'),
(2831, 'Tarján', 'Komárom-Esztergom'),
(9092, 'Tarjánpuszta', 'Győr-Moson-Sopron'),
(2945, 'Tárkány', 'Komárom-Esztergom'),
(3369, 'Tarnabod', 'Heves'),
(3258, 'Tarnalelesz', 'Heves'),
(3284, 'Tarnaméra', 'Heves'),
(3294, 'Tarnaörs', 'Heves'),
(3331, 'Tarnaszentmária', 'Heves'),
(3382, 'Tarnaszentmiklós', 'Heves'),
(3283, 'Tarnazsadány', 'Heves'),
(2461, 'Tárnok', 'Pest'),
(9165, 'Tárnokréti', 'Győr-Moson-Sopron'),
(4931, 'Tarpa', 'Szabolcs-Szatmár-Bereg'),
(7362, 'Tarrós', 'Baranya'),
(8696, 'Táska', 'Somogy'),
(6098, 'Tass', 'Bács-Kiskun'),
(7261, 'Taszár', 'Somogy'),
(2534, 'Tát', 'Komárom-Esztergom'),
(2835, 'Tata', 'Komárom-Esztergom'),
(2890, 'Tata', 'Komárom-Esztergom'),
(2800, 'Tatabánya', 'Komárom-Esztergom'),
(6451, 'Tataháza', 'Bács-Kiskun'),
(2375, 'Tatárszentgyörgy', 'Pest');
INSERT INTO `postalcode` (`Iranyitoszam`, `Telepules`, `Megye`) VALUES
(6236, 'Tázlár', 'Bács-Kiskun'),
(4243, 'Téglás', 'Hajdú-Bihar'),
(7381, 'Tékes', 'Baranya'),
(7973, 'Teklafalu', 'Baranya'),
(9812, 'Telekes', 'Vas'),
(5675, 'Telekgerendás', 'Békés'),
(8626, 'Teleki', 'Somogy'),
(2089, 'Telki', 'Pest'),
(3896, 'Telkibánya', 'Borsod-Abaúj-Zemplén'),
(7054, 'Tengelic', 'Tolna'),
(7834, 'Tengeri', 'Baranya'),
(8668, 'Tengőd', 'Somogy'),
(3359, 'Tenk', 'Heves'),
(9111, 'Tényő', 'Győr-Moson-Sopron'),
(4132, 'Tépe', 'Hajdú-Bihar'),
(4342, 'Terem', 'Szabolcs-Szatmár-Bereg'),
(2696, 'Terény', 'Nógrád'),
(2652, 'Tereske', 'Nógrád'),
(3757, 'Teresztenye', 'Borsod-Abaúj-Zemplén'),
(3334, 'Terpes', 'Heves'),
(8109, 'Tés', 'Veszprém'),
(2635, 'Tésa', 'Pest'),
(7843, 'Tésenfa', 'Baranya'),
(7834, 'Téseny', 'Baranya'),
(8991, 'Teskánd', 'Zala'),
(9100, 'Tét', 'Győr-Moson-Sopron'),
(4184, 'Tetétlen', 'Hajdú-Bihar'),
(7181, 'Tevel', 'Tolna'),
(3423, 'Tibolddaróc', 'Borsod-Abaúj-Zemplén'),
(4353, 'Tiborszállás', 'Szabolcs-Szatmár-Bereg'),
(8237, 'Tihany', 'Veszprém'),
(8731, 'Tikos', 'Somogy'),
(8782, 'Tilaj', 'Zala'),
(4466, 'Timár', 'Szabolcs-Szatmár-Bereg'),
(2086, 'Tinnye', 'Pest'),
(4833, 'Tiszaadony', 'Szabolcs-Szatmár-Bereg'),
(6066, 'Tiszaalpár', 'Bács-Kiskun'),
(6067, 'Tiszaalpár', 'Bács-Kiskun'),
(3465, 'Tiszabábolna', 'Borsod-Abaúj-Zemplén'),
(4951, 'Tiszabecs', 'Szabolcs-Szatmár-Bereg'),
(4474, 'Tiszabercel', 'Szabolcs-Szatmár-Bereg'),
(4624, 'Tiszabezdéd', 'Szabolcs-Szatmár-Bereg'),
(5232, 'Tiszabő', 'Jász-Nagykun-Szolnok'),
(5235, 'Tiszabura', 'Jász-Nagykun-Szolnok'),
(4947, 'Tiszacsécse', 'Szabolcs-Szatmár-Bereg'),
(4066, 'Tiszacsege', 'Hajdú-Bihar'),
(3972, 'Tiszacsermely', 'Borsod-Abaúj-Zemplén'),
(4455, 'Tiszadada', 'Szabolcs-Szatmár-Bereg'),
(5243, 'Tiszaderzs', 'Jász-Nagykun-Szolnok'),
(4456, 'Tiszadob', 'Szabolcs-Szatmár-Bereg'),
(3466, 'Tiszadorogma', 'Borsod-Abaúj-Zemplén'),
(4446, 'Tiszaeszlár', 'Szabolcs-Szatmár-Bereg'),
(4464, 'Tiszaeszlár', 'Szabolcs-Szatmár-Bereg'),
(5461, 'Tiszaföldvár', 'Jász-Nagykun-Szolnok'),
(5430, 'Tiszaföldvár', 'Jász-Nagykun-Szolnok'),
(5359, 'Tiszafüred', 'Jász-Nagykun-Szolnok'),
(5358, 'Tiszafüred', 'Jász-Nagykun-Szolnok'),
(5244, 'Tiszafüred', 'Jász-Nagykun-Szolnok'),
(5350, 'Tiszafüred', 'Jász-Nagykun-Szolnok'),
(5233, 'Tiszagyenda', 'Jász-Nagykun-Szolnok'),
(4097, 'Tiszagyulaháza', 'Hajdú-Bihar'),
(5361, 'Tiszaigar', 'Jász-Nagykun-Szolnok'),
(5464, 'Tiszainoka', 'Jász-Nagykun-Szolnok'),
(5094, 'Tiszajenő', 'Jász-Nagykun-Szolnok'),
(4493, 'Tiszakanyár', 'Szabolcs-Szatmár-Bereg'),
(3971, 'Tiszakarád', 'Borsod-Abaúj-Zemplén'),
(6062, 'Tiszakécske', 'Bács-Kiskun'),
(6060, 'Tiszakécske', 'Bács-Kiskun'),
(4834, 'Tiszakerecseny', 'Szabolcs-Szatmár-Bereg'),
(3458, 'Tiszakeszi', 'Borsod-Abaúj-Zemplén'),
(4946, 'Tiszakóród', 'Szabolcs-Szatmár-Bereg'),
(5472, 'Tiszakürt', 'Jász-Nagykun-Szolnok'),
(5471, 'Tiszakürt', 'Jász-Nagykun-Szolnok'),
(3929, 'Tiszaladány', 'Borsod-Abaúj-Zemplén'),
(4447, 'Tiszalök', 'Szabolcs-Szatmár-Bereg'),
(4450, 'Tiszalök', 'Szabolcs-Szatmár-Bereg'),
(3565, 'Tiszalúc', 'Borsod-Abaúj-Zemplén'),
(4645, 'Tiszamogyorós', 'Szabolcs-Szatmár-Bereg'),
(4463, 'Tiszanagyfalu', 'Szabolcs-Szatmár-Bereg'),
(3385, 'Tiszanána', 'Heves'),
(5362, 'Tiszaörs', 'Jász-Nagykun-Szolnok'),
(3587, 'Tiszapalkonya', 'Borsod-Abaúj-Zemplén'),
(5211, 'Tiszapüspöki', 'Jász-Nagykun-Szolnok'),
(4503, 'Tiszarád', 'Szabolcs-Szatmár-Bereg'),
(5234, 'Tiszaroff', 'Jász-Nagykun-Szolnok'),
(5474, 'Tiszasas', 'Jász-Nagykun-Szolnok'),
(5061, 'Tiszasüly', 'Jász-Nagykun-Szolnok'),
(4831, 'Tiszaszalka', 'Szabolcs-Szatmár-Bereg'),
(5323, 'Tiszaszentimre', 'Jász-Nagykun-Szolnok'),
(5322, 'Tiszaszentimre', 'Jász-Nagykun-Szolnok'),
(4628, 'Tiszaszentmárton', 'Szabolcs-Szatmár-Bereg'),
(6756, 'Tiszasziget', 'Csongrád'),
(3928, 'Tiszatardos', 'Borsod-Abaúj-Zemplén'),
(3589, 'Tiszatarján', 'Borsod-Abaúj-Zemplén'),
(4486, 'Tiszatelek', 'Szabolcs-Szatmár-Bereg'),
(4487, 'Tiszatelek', 'Szabolcs-Szatmár-Bereg'),
(5082, 'Tiszatenyő', 'Jász-Nagykun-Szolnok'),
(6064, 'Tiszaug', 'Bács-Kiskun'),
(3580, 'Tiszaújváros', 'Borsod-Abaúj-Zemplén'),
(3464, 'Tiszavalk', 'Borsod-Abaúj-Zemplén'),
(5095, 'Tiszavárkony', 'Jász-Nagykun-Szolnok'),
(5092, 'Tiszavárkony', 'Jász-Nagykun-Szolnok'),
(4440, 'Tiszavasvári', 'Szabolcs-Szatmár-Bereg'),
(4832, 'Tiszavid', 'Szabolcs-Szatmár-Bereg'),
(4969, 'Tisztaberek', 'Szabolcs-Szatmár-Bereg'),
(4921, 'Tivadar', 'Szabolcs-Szatmár-Bereg'),
(2252, 'Tóalmás', 'Pest'),
(3354, 'Tófalu', 'Heves'),
(8946, 'Tófej', 'Zala'),
(7348, 'Tófű', 'Baranya'),
(2073, 'Tök', 'Borsod-Abaúj-Zemplén'),
(3910, 'Tokaj', 'Komárom-Esztergom'),
(2531, 'Tokod', 'Komárom-Esztergom'),
(2532, 'Tokodaltáró', 'Vas'),
(2316, 'Tököl', 'Borsod-Abaúj-Zemplén'),
(9561, 'Tokorcs', 'Hajdú-Bihar'),
(3934, 'Tolcsva', 'Nógrád'),
(4117, 'Told', 'Tolna'),
(2657, 'Tolmács', 'Tolna'),
(7131, 'Tolna', 'Tolna'),
(7130, 'Tolna', 'Jász-Nagykun-Szolnok'),
(7083, 'Tolnanémedi', 'Borsod-Abaúj-Zemplén'),
(9086, 'Töltéstava', 'Bács-Kiskun'),
(5324, 'Tomajmonostora', 'Vas'),
(3787, 'Tomor', 'Fejér'),
(9738, 'Tömörd', 'Zala'),
(6646, 'Tömörkény', 'Baranya'),
(6422, 'Tompa', 'Vas'),
(9662, 'Tompaládony', 'Borsod-Abaúj-Zemplén'),
(2463, 'Tordas', 'Borsod-Abaúj-Zemplén'),
(8876, 'Tormafölde', 'Borsod-Abaúj-Zemplén'),
(7383, 'Tormás', 'Borsod-Abaúj-Zemplén'),
(9736, 'Tormásliget', 'Borsod-Abaúj-Zemplén'),
(3765, 'Tornabarakony', 'Zala'),
(3761, 'Tornakápolna', 'Borsod-Abaúj-Zemplén'),
(3767, 'Tornanádaska', 'Szabolcs-Szatmár-Bereg'),
(3765, 'Tornaszentandrás', 'Vas'),
(3769, 'Tornaszentjakab', 'Somogy'),
(8877, 'Tornyiszentmiklós', 'Jász-Nagykun-Szolnok'),
(3877, 'Tornyosnémeti', 'Békés'),
(4642, 'Tornyospálca', 'Baranya'),
(2045, 'Törökbálint', 'Zala'),
(7285, 'Törökkoppány', 'Zala'),
(5212, 'Törökszentmiklós', 'Somogy'),
(5200, 'Törökszentmiklós', 'Veszprém'),
(9791, 'Torony', 'Pest'),
(2747, 'Törtel', 'Pest'),
(8660, 'Torvaj', 'Győr-Moson-Sopron'),
(5091, 'Tószeg', 'Vas'),
(5940, 'Tótkomlós', 'Csongrád'),
(7981, 'Tótszentgyörgy', 'Pest'),
(8865, 'Tótszentmárton', 'Somogy'),
(8864, 'Tótszerdahely', 'Jász-Nagykun-Szolnok'),
(7755, 'Töttös', 'Jász-Nagykun-Szolnok'),
(7918, 'Tótújfalu', 'Pest'),
(8246, 'Tótvázsony', 'Baranya'),
(3724, 'Trizs', 'Borsod-Abaúj-Zemplén'),
(4731, 'Tunyogmatolcs', 'Szabolcs-Szatmár-Bereg'),
(2194, 'Tura', 'Pest'),
(4944, 'Túristvándi', 'Szabolcs-Szatmár-Bereg'),
(8796, 'Türje', 'Jász-Nagykun-Szolnok'),
(5420, 'Túrkeve', 'Baranya'),
(7811, 'Túrony', 'Szabolcs-Szatmár-Bereg'),
(4968, 'Túrricse', 'Szabolcs-Szatmár-Bereg'),
(8477, 'Tüskevár', 'Zala'),
(4623, 'Tuzsér', 'Veszprém'),
(4762, 'Tyukod', 'Szabolcs-Szatmár-Bereg'),
(7718, 'Udvar', 'Baranya'),
(7066, 'Udvari', 'Tolna'),
(8564, 'Ugod', 'Veszprém'),
(2066, 'Újbarok', 'Fejér'),
(3716, 'Újcsanálos', 'Borsod-Abaúj-Zemplén'),
(4491, 'Újdombrád', 'Szabolcs-Szatmár-Bereg'),
(4244, 'Újfehértó', 'Szabolcs-Szatmár-Bereg'),
(2367, 'Újhartyán', 'Pest'),
(4146, 'Újiráz', 'Hajdú-Bihar'),
(7095, 'Újireg', 'Tolna'),
(4635, 'Újkenéz', 'Szabolcs-Szatmár-Bereg'),
(9472, 'Újkér', 'Győr-Moson-Sopron'),
(5661, 'Újkígyós', 'Békés'),
(2724, 'Újlengyel', 'Pest'),
(4288, 'Újléta', 'Hajdú-Bihar'),
(3387, 'Újlőrincfalva', 'Heves'),
(7766, 'Újpetre', 'Baranya'),
(9244, 'Újrónafő', 'Győr-Moson-Sopron'),
(6320, 'Újsolt', 'Bács-Kiskun'),
(5727, 'Újszalonta', 'Békés'),
(5052, 'Újszász', 'Jász-Nagykun-Szolnok'),
(6754, 'Újszentiván', 'Csongrád'),
(4065, 'Újszentmargita', 'Hajdú-Bihar'),
(2768, 'Újszilvás', 'Pest'),
(6337, 'Újtelek', 'Bács-Kiskun'),
(4096, 'Újtikos', 'Hajdú-Bihar'),
(8778, 'Újudvar', 'Zala'),
(7436, 'Újvárfalva', 'Somogy'),
(8347, 'Ukk', 'Veszprém'),
(6794, 'Üllés', 'Győr-Moson-Sopron'),
(2225, 'Üllő', 'Komárom-Esztergom'),
(9464, 'Und', 'Borsod-Abaúj-Zemplén'),
(2528, 'Úny', 'Szabolcs-Szatmár-Bereg'),
(3622, 'Uppony', 'Vas'),
(4763, 'Ura', 'Fejér'),
(9651, 'Uraiújfalu', 'Pest'),
(8142, 'Úrhida', 'Veszprém'),
(2244, 'Úri', 'Szabolcs-Szatmár-Bereg'),
(8409, 'Úrkút', 'Bács-Kiskun'),
(2096, 'Üröm', 'Veszprém'),
(4952, 'Uszka', 'Csongrád'),
(6332, 'Uszód', 'Pest'),
(8321, 'Uzsa', 'Pest'),
(2600, 'Vác', 'Pest'),
(2167, 'Vácduka', 'Pest'),
(2184, 'Vácegres', 'Pest'),
(2164, 'Váchartyán', 'Pest'),
(2185, 'Váckisújfalu', 'Pest'),
(2163, 'Vácrátót', 'Pest'),
(2115, 'Vácszentlászló', 'Pest'),
(3636, 'Vadna', 'Borsod-Abaúj-Zemplén'),
(9346, 'Vadosfa', 'Győr-Moson-Sopron'),
(9327, 'Vág', 'Győr-Moson-Sopron'),
(3992, 'Vágáshuta', 'Borsod-Abaúj-Zemplén'),
(4562, 'Vaja', 'Szabolcs-Szatmár-Bereg'),
(3961, 'Vajdácska', 'Borsod-Abaúj-Zemplén'),
(7838, 'Vajszló', 'Baranya'),
(7041, 'Vajta', 'Fejér'),
(2473, 'Vál', 'Fejér'),
(2114, 'Valkó', 'Pest'),
(8885, 'Valkonya', 'Zala'),
(4351, 'Vállaj', 'Szabolcs-Szatmár-Bereg'),
(8316, 'Vállus', 'Zala'),
(4936, 'Vámosatya', 'Szabolcs-Szatmár-Bereg'),
(9665, 'Vámoscsalád', 'Vas'),
(3291, 'Vámosgyörk', 'Heves'),
(2635, 'Vámosmikola', 'Pest'),
(4966, 'Vámosoroszi', 'Szabolcs-Szatmár-Bereg'),
(4287, 'Vámospércs', 'Hajdú-Bihar'),
(9061, 'Vámosszabadi', 'Borsod-Abaúj-Zemplén'),
(3941, 'Vámosújfalu', 'Győr-Moson-Sopron'),
(4119, 'Váncsod', 'Hajdú-Bihar'),
(2688, 'Vanyarc', 'Nógrád'),
(8552, 'Vanyola', 'Veszprém'),
(7973, 'Várad', 'Baranya'),
(7354, 'Váralja', 'Tolna'),
(8723, 'Varászló', 'Somogy'),
(3254, 'Váraszó', 'Heves'),
(9243, 'Várbalog', 'Győr-Moson-Sopron'),
(3778, 'Varbó', 'Borsod-Abaúj-Zemplén'),
(3756, 'Varbóc', 'Borsod-Abaúj-Zemplén'),
(7442, 'Várda', 'Somogy'),
(7146, 'Várdomb', 'Tolna'),
(8891, 'Várfölde', 'Zala'),
(7370, 'Varga', 'Baranya'),
(2824, 'Várgesztes', 'Komárom-Esztergom'),
(8523, 'Várkesző', 'Veszprém'),
(7214, 'Várong', 'Tolna'),
(6033, 'Városföld', 'Bács-Kiskun'),
(8445, 'Városlőd', 'Veszprém'),
(8103, 'Várpalota', 'Veszprém'),
(8104, 'Várpalota', 'Veszprém'),
(8100, 'Várpalota', 'Veszprém'),
(7067, 'Varsád', 'Tolna'),
(3178, 'Varsány', 'Nógrád'),
(8316, 'Várvölgy', 'Zala'),
(2211, 'Vasad', 'Pest'),
(9921, 'Vasalja', 'Vas'),
(7926, 'Vásárosbéc', 'Baranya'),
(7362, 'Vásárosdombó', 'Baranya'),
(9343, 'Vásárosfalu', 'Győr-Moson-Sopron'),
(9552, 'Vásárosmiske', 'Vas'),
(4803, 'Vásárosnamény', 'Szabolcs-Szatmár-Bereg'),
(4804, 'Vásárosnamény', 'Szabolcs-Szatmár-Bereg'),
(4800, 'Vásárosnamény', 'Szabolcs-Szatmár-Bereg'),
(9744, 'Vasasszonyfa', 'Vas'),
(8914, 'Vasboldogasszony', 'Zala'),
(9661, 'Vasegerszeg', 'Vas'),
(9674, 'Vashosszúfalu', 'Vas'),
(9795, 'Vaskeresztes', 'Vas'),
(6521, 'Vaskút', 'Bács-Kiskun'),
(4502, 'Vasmegyer', 'Szabolcs-Szatmár-Bereg'),
(8998, 'Vaspör', 'Zala'),
(9741, 'Vassurány', 'Vas'),
(8245, 'Vászoly', 'Veszprém'),
(9763, 'Vasszécseny', 'Vas'),
(9953, 'Vasszentmihály', 'Vas'),
(9747, 'Vasszilvágy', 'Vas'),
(9800, 'Vasvár', 'Vas'),
(8542, 'Vaszar', 'Veszprém'),
(9748, 'Vát', 'Vas'),
(3431, 'Vatta', 'Borsod-Abaúj-Zemplén'),
(7370, 'Vázsnok', 'Baranya'),
(3265, 'Vécs', 'Heves'),
(2220, 'Vecsés', 'Pest'),
(5811, 'Végegyháza', 'Békés'),
(7838, 'Vejti', 'Baranya'),
(7333, 'Vékény', 'Baranya'),
(4143, 'Vekerd', 'Hajdú-Bihar'),
(9726, 'Velem', 'Vas'),
(9946, 'Velemér', 'Vas'),
(2481, 'Velence', 'Fejér'),
(7951, 'Velény', 'Baranya'),
(7726, 'Véménd', 'Baranya'),
(9062, 'Vének', 'Győr-Moson-Sopron'),
(9751, 'Vép', 'Vas'),
(2477, 'Vereb', 'Fejér'),
(2112, 'Veresegyház', 'Pest'),
(2621, 'Verőce', 'Pest'),
(3351, 'Verpelét', 'Heves'),
(2174, 'Verseg', 'Pest'),
(7752, 'Versend', 'Baranya'),
(8089, 'Vértesacsa', 'Fejér'),
(8085, 'Vértesboglár', 'Fejér'),
(2859, 'Vérteskethely', 'Komárom-Esztergom'),
(2823, 'Vértessomló', 'Komárom-Esztergom'),
(2833, 'Vértestolna', 'Komárom-Esztergom'),
(2837, 'Vértesszőlős', 'Komárom-Esztergom'),
(8721, 'Vése', 'Somogy'),
(9352, 'Veszkény', 'Győr-Moson-Sopron'),
(8412, 'Veszprém', 'Veszprém'),
(8411, 'Veszprém', 'Veszprém'),
(8200, 'Veszprém', 'Veszprém'),
(8248, 'Veszprémfajsz', 'Veszprém'),
(8475, 'Veszprémgalsa', 'Veszprém'),
(8438, 'Veszprémvarsány', 'Veszprém'),
(5530, 'Vésztő', 'Békés'),
(5093, 'Vezseny', 'Jász-Nagykun-Szolnok'),
(8484, 'Vid', 'Veszprém'),
(8294, 'Vigántpetend', 'Veszprém'),
(7773, 'Villány', 'Baranya'),
(7772, 'Villánykövesd', 'Baranya'),
(3891, 'Vilmány', 'Borsod-Abaúj-Zemplén'),
(8194, 'Vilonya', 'Veszprém'),
(3991, 'Vilyvitány', 'Borsod-Abaúj-Zemplén'),
(9535, 'Vinár', 'Veszprém'),
(8354, 'Vindornyafok', 'Zala'),
(8353, 'Vindornyalak', 'Zala'),
(8355, 'Vindornyaszőlős', 'Zala'),
(2026, 'Visegrád', 'Pest'),
(2025, 'Visegrád', 'Pest'),
(7533, 'Visnye', 'Somogy'),
(3272, 'Visonta', 'Heves'),
(3271, 'Visonta', 'Heves'),
(3956, 'Viss', 'Borsod-Abaúj-Zemplén'),
(8681, 'Visz', 'Somogy'),
(9932, 'Viszák', 'Vas'),
(3825, 'Viszló', 'Borsod-Abaúj-Zemplén'),
(3293, 'Visznek', 'Heves'),
(9371, 'Vitnyéd', 'Győr-Moson-Sopron'),
(7588, 'Vízvár', 'Somogy'),
(3128, 'Vizslás', 'Nógrád'),
(3888, 'Vizsoly', 'Borsod-Abaúj-Zemplén'),
(7768, 'Vokány', 'Baranya'),
(8314, 'Vonyarcvashegy', 'Zala'),
(8931, 'Vöckönd', 'Zala'),
(9462, 'Völcsej', 'Győr-Moson-Sopron'),
(9516, 'Vönöck', 'Vas'),
(8291, 'Vöröstó', 'Veszprém'),
(8711, 'Vörs', 'Somogy'),
(3124, 'Zabar', 'Nógrád'),
(7976, 'Zádor', 'Baranya'),
(3726, 'Zádorfalva', 'Borsod-Abaúj-Zemplén'),
(5051, 'Zagyvarékas', 'Jász-Nagykun-Szolnok'),
(3031, 'Zagyvaszántó', 'Heves'),
(4625, 'Záhony', 'Szabolcs-Szatmár-Bereg'),
(8868, 'Zajk', 'Zala'),
(4974, 'Zajta', 'Szabolcs-Szatmár-Bereg'),
(8853, 'Zákány', 'Somogy'),
(6787, 'Zákányszék', 'Csongrád'),
(8660, 'Zala', 'Somogy'),
(8741, 'Zalaapáti', 'Zala'),
(8971, 'Zalabaksa', 'Zala'),
(8798, 'Zalabér', 'Zala'),
(8992, 'Zalaboldogfa', 'Zala'),
(8782, 'Zalacsány', 'Zala'),
(8996, 'Zalacséb', 'Zala'),
(8900, 'Zalaegerszeg', 'Zala'),
(8344, 'Zalaerdőd', 'Veszprém'),
(8349, 'Zalagyömörő', 'Veszprém'),
(8308, 'Zalahaláp', 'Veszprém'),
(8997, 'Zalaháshágy', 'Zala'),
(8761, 'Zalaigrice', 'Zala'),
(8932, 'Zalaistvánd', 'Zala'),
(8749, 'Zalakaros', 'Zala'),
(8751, 'Zalakomár', 'Zala'),
(8752, 'Zalakomár', 'Zala'),
(8354, 'Zalaköveskút', 'Zala'),
(8999, 'Zalalövő', 'Zala'),
(8348, 'Zalameggyes', 'Veszprém'),
(8747, 'Zalamerenye', 'Zala'),
(8756, 'Zalasárszeg', 'Zala'),
(8743, 'Zalaszabar', 'Zala'),
(8353, 'Zalaszántó', 'Zala'),
(8476, 'Zalaszegvár', 'Veszprém'),
(8772, 'Zalaszentbalázs', 'Zala'),
(8795, 'Zalaszentgrót', 'Zala'),
(8793, 'Zalaszentgrót', 'Zala'),
(8785, 'Zalaszentgrót', 'Zala'),
(8789, 'Zalaszentgrót', 'Zala'),
(8790, 'Zalaszentgrót', 'Zala'),
(8994, 'Zalaszentgyörgy', 'Zala'),
(8921, 'Zalaszentiván', 'Zala'),
(8827, 'Zalaszentjakab', 'Zala'),
(8788, 'Zalaszentlászló', 'Zala'),
(8921, 'Zalaszentlőrinc', 'Zala'),
(8764, 'Zalaszentmárton', 'Zala'),
(8936, 'Zalaszentmihály', 'Zala'),
(8969, 'Zalaszombatfa', 'Zala'),
(7839, 'Zaláta', 'Baranya'),
(8947, 'Zalatárnok', 'Zala'),
(8822, 'Zalaújlak', 'Zala'),
(8392, 'Zalavár', 'Zala'),
(8792, 'Zalavég', 'Zala'),
(3957, 'Zalkod', 'Borsod-Abaúj-Zemplén'),
(8621, 'Zamárdi', 'Somogy'),
(8081, 'Zámoly', 'Fejér'),
(8251, 'Zánka', 'Veszprém'),
(3296, 'Zaránk', 'Heves'),
(7182, 'Závod', 'Tolna'),
(8957, 'Zebecke', 'Zala'),
(2627, 'Zebegény', 'Pest'),
(3977, 'Zemplénagárd', 'Borsod-Abaúj-Zemplén'),
(7720, 'Zengővárkony', 'Baranya'),
(8112, 'Zichyújfalu', 'Fejér'),
(8672, 'Zics', 'Somogy'),
(3794, 'Ziliz', 'Borsod-Abaúj-Zemplén'),
(7471, 'Zimány', 'Somogy'),
(8420, 'Zirc', 'Veszprém'),
(7671, 'Zók', 'Baranya'),
(7173, 'Zomba', 'Tolna'),
(5537, 'Zsadány', 'Békés'),
(4142, 'Zsáka', 'Hajdú-Bihar'),
(2072, 'Zsámbék', 'Pest'),
(2116, 'Zsámbok', 'Pest'),
(6411, 'Zsana', 'Bács-Kiskun'),
(4961, 'Zsarolyán', 'Szabolcs-Szatmár-Bereg'),
(9346, 'Zsebeháza', 'Győr-Moson-Sopron'),
(9635, 'Zsédeny', 'Vas'),
(7477, 'Zselickisfalud', 'Somogy'),
(7400, 'Zselickislak', 'Somogy'),
(7474, 'Zselicszentpál', 'Somogy'),
(9766, 'Zsennye', 'Vas'),
(9476, 'Zsira', 'Győr-Moson-Sopron'),
(6792, 'Zsombó', 'Csongrád'),
(3897, 'Zsujta', 'Borsod-Abaúj-Zemplén'),
(4627, 'Zsurk', 'Szabolcs-Szatmár-Bereg'),
(3723, 'Zubogy', 'Borsod-Abaúj-Zemplén');

-- --------------------------------------------------------

--
-- Tábla szerkezet ehhez a táblához `privilege`
--

CREATE TABLE `privilege` (
  `ID` int(11) NOT NULL,
  `level` int(1) NOT NULL,
  `name` varchar(64) NOT NULL
) ENGINE=InnoDB DEFAULT CHARSET=utf8mb4 COLLATE=utf8mb4_hungarian_ci;

--
-- A tábla adatainak kiíratása `privilege`
--

INSERT INTO `privilege` (`ID`, `level`, `name`) VALUES
(3, 5, 'teszt');

-- --------------------------------------------------------

--
-- Tábla szerkezet ehhez a táblához `ramspeed`
--

CREATE TABLE `ramspeed` (
  `ID` int(11) NOT NULL,
  `ramSpeed` varchar(16) DEFAULT NULL
) ENGINE=InnoDB DEFAULT CHARSET=utf8mb4 COLLATE=utf8mb4_hungarian_ci;

--
-- A tábla adatainak kiíratása `ramspeed`
--

INSERT INTO `ramspeed` (`ID`, `ramSpeed`) VALUES
(1, 'LPDDR5'),
(2, 'LPDDR5X'),
(3, ''),
(4, 'string'),
(5, 'LPDDR4X');

-- --------------------------------------------------------

--
-- Tábla szerkezet ehhez a táblához `ramstorage`
--

CREATE TABLE `ramstorage` (
  `ID` int(11) NOT NULL,
  `ramAmount` int(11) DEFAULT NULL,
  `storageAmount` int(11) DEFAULT NULL
) ENGINE=InnoDB DEFAULT CHARSET=utf8mb4 COLLATE=utf8mb4_hungarian_ci;

--
-- A tábla adatainak kiíratása `ramstorage`
--

INSERT INTO `ramstorage` (`ID`, `ramAmount`, `storageAmount`) VALUES
(1, 12, 256),
(2, 2, 256),
(3, 12, 258),
(4, 16, 542),
(5, 12, 512),
(6, 12, 1024),
(7, 8, 256),
(8, 8, 512),
(9, 8, 1024),
(10, 16, 1024),
(11, 12, 521),
(12, 16, 512),
(13, 16, 256),
(14, 16, 128),
(15, 0, 0),
(16, 128, 8),
(17, 256, 8),
(18, 256, 12),
(19, 512, 8),
(20, 512, 12),
(21, 512, 16),
(22, 1000, 16),
(23, 128, 16),
(24, 256, 16),
(25, 6, 128),
(26, 8, 128);

-- --------------------------------------------------------

--
-- Tábla szerkezet ehhez a táblához `screentype`
--

CREATE TABLE `screentype` (
  `ID` int(11) NOT NULL,
  `screenType` varchar(32) DEFAULT NULL
) ENGINE=InnoDB DEFAULT CHARSET=utf8mb4 COLLATE=utf8mb4_hungarian_ci;

--
-- A tábla adatainak kiíratása `screentype`
--

INSERT INTO `screentype` (`ID`, `screenType`) VALUES
(1, 'AMOLED'),
(2, 'LTPO AMOLED'),
(3, 'Super Retina XDR OLED'),
(4, 'Dynamic LTPO AMOLED 2X'),
(5, 'LTPO OLED'),
(8, 'P-OLED'),
(9, 'Amoled');

-- --------------------------------------------------------

--
-- Tábla szerkezet ehhez a táblához `sensorsfingerprintplace`
--

CREATE TABLE `sensorsfingerprintplace` (
  `ID` int(11) NOT NULL,
  `sensorsFingerprintPlace` varchar(32) DEFAULT NULL
) ENGINE=InnoDB DEFAULT CHARSET=utf8mb4 COLLATE=utf8mb4_hungarian_ci;

--
-- A tábla adatainak kiíratása `sensorsfingerprintplace`
--

INSERT INTO `sensorsfingerprintplace` (`ID`, `sensorsFingerprintPlace`) VALUES
(1, 'Kijelző'),
(2, ''),
(3, 'Kijelző alatt'),
(4, 'string'),
(5, 'Kijelzőben');

-- --------------------------------------------------------

--
-- Tábla szerkezet ehhez a táblához `sensorsfingerprinttype`
--

CREATE TABLE `sensorsfingerprinttype` (
  `ID` int(11) NOT NULL,
  `sensorsFingerprintType` varchar(32) DEFAULT NULL
) ENGINE=InnoDB DEFAULT CHARSET=utf8mb4 COLLATE=utf8mb4_hungarian_ci;

--
-- A tábla adatainak kiíratása `sensorsfingerprinttype`
--

INSERT INTO `sensorsfingerprinttype` (`ID`, `sensorsFingerprintType`) VALUES
(1, 'Optikai'),
(2, 'Ultraszonikus'),
(3, 'Nincs');

-- --------------------------------------------------------

--
-- Tábla szerkezet ehhez a táblához `speakertype`
--

CREATE TABLE `speakertype` (
  `ID` int(11) NOT NULL,
  `speakerType` varchar(8) DEFAULT NULL
) ENGINE=InnoDB DEFAULT CHARSET=utf8mb4 COLLATE=utf8mb4_hungarian_ci;

--
-- A tábla adatainak kiíratása `speakertype`
--

INSERT INTO `speakertype` (`ID`, `speakerType`) VALUES
(1, 'stereo'),
(2, 'mono'),
(3, 'string');

-- --------------------------------------------------------

--
-- Tábla szerkezet ehhez a táblához `storagespeed`
--

CREATE TABLE `storagespeed` (
  `ID` int(11) NOT NULL,
  `storageSpeed` varchar(16) DEFAULT NULL
) ENGINE=InnoDB DEFAULT CHARSET=utf8mb4 COLLATE=utf8mb4_hungarian_ci;

--
-- A tábla adatainak kiíratása `storagespeed`
--

INSERT INTO `storagespeed` (`ID`, `storageSpeed`) VALUES
(1, 'UFS 3.1'),
(2, 'UFS 4.0'),
(3, ''),
(4, 'UFS 2.2'),
(5, 'string'),
(6, 'UFS2.2'),
(7, 'UFS 4'),
(8, 'UFS 4.1');

-- --------------------------------------------------------

--
-- Tábla szerkezet ehhez a táblához `users`
--

CREATE TABLE `users` (
  `ID` int(11) NOT NULL,
  `name` varchar(64) NOT NULL,
  `email` varchar(64) NOT NULL,
  `SALT` varchar(64) NOT NULL,
  `HASH` varchar(64) NOT NULL,
  `privilegeID` int(1) NOT NULL,
  `active` int(1) NOT NULL
) ENGINE=InnoDB DEFAULT CHARSET=utf8mb4 COLLATE=utf8mb4_hungarian_ci;

--
-- A tábla adatainak kiíratása `users`
--

INSERT INTO `users` (`ID`, `name`, `email`, `SALT`, `HASH`, `privilegeID`, `active`) VALUES
(3, 'a', 'a', 'a', 'a', 3, 1),
(4, 'b', 'b', 'b', 'b', 3, 0);

-- --------------------------------------------------------

--
-- Tábla szerkezet ehhez a táblához `waterprooftype`
--

CREATE TABLE `waterprooftype` (
  `ID` int(11) NOT NULL,
  `waterproofType` varchar(16) DEFAULT NULL
) ENGINE=InnoDB DEFAULT CHARSET=utf8mb4 COLLATE=utf8mb4_hungarian_ci;

--
-- A tábla adatainak kiíratása `waterprooftype`
--

INSERT INTO `waterprooftype` (`ID`, `waterproofType`) VALUES
(1, 'IP68'),
(2, 'nincs'),
(3, 'IP69K'),
(4, ''),
(5, 'string'),
(6, 'ip68'),
(7, 'IP54'),
(8, 'IP64');

--
-- Indexek a kiírt táblákhoz
--

--
-- A tábla indexei `addresses`
--
ALTER TABLE `addresses`
  ADD PRIMARY KEY (`ID`),
  ADD KEY `userID` (`userID`);

--
-- A tábla indexei `backmaterial`
--
ALTER TABLE `backmaterial`
  ADD PRIMARY KEY (`ID`);

--
-- A tábla indexei `batterytype`
--
ALTER TABLE `batterytype`
  ADD PRIMARY KEY (`ID`);

--
-- A tábla indexei `camera`
--
ALTER TABLE `camera`
  ADD PRIMARY KEY (`ID`);

--
-- A tábla indexei `cameratype`
--
ALTER TABLE `cameratype`
  ADD PRIMARY KEY (`ID`);

--
-- A tábla indexei `chargertype`
--
ALTER TABLE `chargertype`
  ADD PRIMARY KEY (`ID`);

--
-- A tábla indexei `color`
--
ALTER TABLE `color`
  ADD PRIMARY KEY (`ID`);

--
-- A tábla indexei `connectionparts`
--
ALTER TABLE `connectionparts`
  ADD PRIMARY KEY (`ID`),
  ADD KEY `partID` (`partID`),
  ADD KEY `repairID` (`repairID`);

--
-- A tábla indexei `connectionservice`
--
ALTER TABLE `connectionservice`
  ADD PRIMARY KEY (`repairID`),
  ADD KEY `userID` (`userID`);

--
-- A tábla indexei `connphonecamera`
--
ALTER TABLE `connphonecamera`
  ADD PRIMARY KEY (`ID`),
  ADD KEY `cameraTypeID` (`cameraTypeID`),
  ADD KEY `cameraID` (`cameraID`),
  ADD KEY `phoneID` (`phoneID`);

--
-- A tábla indexei `connphonecolor`
--
ALTER TABLE `connphonecolor`
  ADD PRIMARY KEY (`ID`),
  ADD KEY `colorID` (`colorID`),
  ADD KEY `phoneID` (`phoneID`);

--
-- A tábla indexei `connphoneramstorage`
--
ALTER TABLE `connphoneramstorage`
  ADD PRIMARY KEY (`ID`),
  ADD KEY `ramstorageID` (`ramstorageID`),
  ADD KEY `phoneID` (`phoneID`);

--
-- A tábla indexei `connuserorder`
--
ALTER TABLE `connuserorder`
  ADD PRIMARY KEY (`ID`),
  ADD KEY `userID` (`userID`) USING BTREE;

--
-- A tábla indexei `cpu`
--
ALTER TABLE `cpu`
  ADD PRIMARY KEY (`ID`);

--
-- A tábla indexei `manufacturer`
--
ALTER TABLE `manufacturer`
  ADD PRIMARY KEY (`ID`);

--
-- A tábla indexei `parts`
--
ALTER TABLE `parts`
  ADD PRIMARY KEY (`ID`);

--
-- A tábla indexei `phonedatas`
--
ALTER TABLE `phonedatas`
  ADD PRIMARY KEY (`phoneID`),
  ADD KEY `manufacturerID` (`manufacturerID`),
  ADD KEY `chargerTypeID` (`chargerTypeID`),
  ADD KEY `sensorsFingerprintPlaceID` (`sensorsFingerprintPlaceID`),
  ADD KEY `sensorsFingerprintTypeID` (`sensorsFingerprintTypeID`),
  ADD KEY `ramSpeedID` (`ramSpeedID`),
  ADD KEY `speakerTypeID` (`speakerTypeID`),
  ADD KEY `waterproofTypeID` (`waterproofTypeID`),
  ADD KEY `cpuID` (`cpuID`),
  ADD KEY `screenTypeID` (`screenTypeID`),
  ADD KEY `backMaterialID` (`backMaterialID`),
  ADD KEY `storageSpeedID` (`storageSpeedID`),
  ADD KEY `batteryTypeID` (`batteryTypeID`);

--
-- A tábla indexei `phonepictures`
--
ALTER TABLE `phonepictures`
  ADD PRIMARY KEY (`ID`),
  ADD KEY `phoneID` (`phoneID`);

--
-- A tábla indexei `privilege`
--
ALTER TABLE `privilege`
  ADD PRIMARY KEY (`ID`),
  ADD UNIQUE KEY `level` (`level`);

--
-- A tábla indexei `ramspeed`
--
ALTER TABLE `ramspeed`
  ADD PRIMARY KEY (`ID`);

--
-- A tábla indexei `ramstorage`
--
ALTER TABLE `ramstorage`
  ADD PRIMARY KEY (`ID`);

--
-- A tábla indexei `screentype`
--
ALTER TABLE `screentype`
  ADD PRIMARY KEY (`ID`);

--
-- A tábla indexei `sensorsfingerprintplace`
--
ALTER TABLE `sensorsfingerprintplace`
  ADD PRIMARY KEY (`ID`);

--
-- A tábla indexei `sensorsfingerprinttype`
--
ALTER TABLE `sensorsfingerprinttype`
  ADD PRIMARY KEY (`ID`);

--
-- A tábla indexei `speakertype`
--
ALTER TABLE `speakertype`
  ADD PRIMARY KEY (`ID`);

--
-- A tábla indexei `storagespeed`
--
ALTER TABLE `storagespeed`
  ADD PRIMARY KEY (`ID`);

--
-- A tábla indexei `users`
--
ALTER TABLE `users`
  ADD PRIMARY KEY (`ID`),
  ADD UNIQUE KEY `email` (`email`),
  ADD KEY `privilegeID` (`privilegeID`);

--
-- A tábla indexei `waterprooftype`
--
ALTER TABLE `waterprooftype`
  ADD PRIMARY KEY (`ID`);

--
-- A kiírt táblák AUTO_INCREMENT értéke
--

--
-- AUTO_INCREMENT a táblához `addresses`
--
ALTER TABLE `addresses`
  MODIFY `ID` int(11) NOT NULL AUTO_INCREMENT;

--
-- AUTO_INCREMENT a táblához `backmaterial`
--
ALTER TABLE `backmaterial`
  MODIFY `ID` int(11) NOT NULL AUTO_INCREMENT, AUTO_INCREMENT=7;

--
-- AUTO_INCREMENT a táblához `batterytype`
--
ALTER TABLE `batterytype`
  MODIFY `ID` int(11) NOT NULL AUTO_INCREMENT, AUTO_INCREMENT=8;

--
-- AUTO_INCREMENT a táblához `camera`
--
ALTER TABLE `camera`
  MODIFY `ID` int(11) NOT NULL AUTO_INCREMENT, AUTO_INCREMENT=51;

--
-- AUTO_INCREMENT a táblához `cameratype`
--
ALTER TABLE `cameratype`
  MODIFY `ID` int(11) NOT NULL AUTO_INCREMENT, AUTO_INCREMENT=33;

--
-- AUTO_INCREMENT a táblához `chargertype`
--
ALTER TABLE `chargertype`
  MODIFY `ID` int(11) NOT NULL AUTO_INCREMENT, AUTO_INCREMENT=4;

--
-- AUTO_INCREMENT a táblához `color`
--
ALTER TABLE `color`
  MODIFY `ID` int(11) NOT NULL AUTO_INCREMENT, AUTO_INCREMENT=91;

--
-- AUTO_INCREMENT a táblához `connectionparts`
--
ALTER TABLE `connectionparts`
  MODIFY `ID` int(11) NOT NULL AUTO_INCREMENT, AUTO_INCREMENT=7;

--
-- AUTO_INCREMENT a táblához `connphonecamera`
--
ALTER TABLE `connphonecamera`
  MODIFY `ID` int(11) NOT NULL AUTO_INCREMENT, AUTO_INCREMENT=228;

--
-- AUTO_INCREMENT a táblához `connphonecolor`
--
ALTER TABLE `connphonecolor`
  MODIFY `ID` int(11) NOT NULL AUTO_INCREMENT, AUTO_INCREMENT=125;

--
-- AUTO_INCREMENT a táblához `connphoneramstorage`
--
ALTER TABLE `connphoneramstorage`
  MODIFY `ID` int(11) NOT NULL AUTO_INCREMENT, AUTO_INCREMENT=158;

--
-- AUTO_INCREMENT a táblához `connuserorder`
--
ALTER TABLE `connuserorder`
  MODIFY `ID` int(11) NOT NULL AUTO_INCREMENT, AUTO_INCREMENT=13;

--
-- AUTO_INCREMENT a táblához `cpu`
--
ALTER TABLE `cpu`
  MODIFY `ID` int(11) NOT NULL AUTO_INCREMENT, AUTO_INCREMENT=20;

--
-- AUTO_INCREMENT a táblához `manufacturer`
--
ALTER TABLE `manufacturer`
  MODIFY `ID` int(11) NOT NULL AUTO_INCREMENT, AUTO_INCREMENT=11;

--
-- AUTO_INCREMENT a táblához `parts`
--
ALTER TABLE `parts`
  MODIFY `ID` int(11) NOT NULL AUTO_INCREMENT, AUTO_INCREMENT=2;

--
-- AUTO_INCREMENT a táblához `phonedatas`
--
ALTER TABLE `phonedatas`
  MODIFY `phoneID` int(11) NOT NULL AUTO_INCREMENT, AUTO_INCREMENT=25;

--
-- AUTO_INCREMENT a táblához `phonepictures`
--
ALTER TABLE `phonepictures`
  MODIFY `ID` int(11) NOT NULL AUTO_INCREMENT;

--
-- AUTO_INCREMENT a táblához `privilege`
--
ALTER TABLE `privilege`
  MODIFY `ID` int(11) NOT NULL AUTO_INCREMENT, AUTO_INCREMENT=4;

--
-- AUTO_INCREMENT a táblához `ramspeed`
--
ALTER TABLE `ramspeed`
  MODIFY `ID` int(11) NOT NULL AUTO_INCREMENT, AUTO_INCREMENT=6;

--
-- AUTO_INCREMENT a táblához `ramstorage`
--
ALTER TABLE `ramstorage`
  MODIFY `ID` int(11) NOT NULL AUTO_INCREMENT, AUTO_INCREMENT=27;

--
-- AUTO_INCREMENT a táblához `screentype`
--
ALTER TABLE `screentype`
  MODIFY `ID` int(11) NOT NULL AUTO_INCREMENT, AUTO_INCREMENT=10;

--
-- AUTO_INCREMENT a táblához `sensorsfingerprintplace`
--
ALTER TABLE `sensorsfingerprintplace`
  MODIFY `ID` int(11) NOT NULL AUTO_INCREMENT, AUTO_INCREMENT=6;

--
-- AUTO_INCREMENT a táblához `sensorsfingerprinttype`
--
ALTER TABLE `sensorsfingerprinttype`
  MODIFY `ID` int(11) NOT NULL AUTO_INCREMENT, AUTO_INCREMENT=6;

--
-- AUTO_INCREMENT a táblához `speakertype`
--
ALTER TABLE `speakertype`
  MODIFY `ID` int(11) NOT NULL AUTO_INCREMENT, AUTO_INCREMENT=4;

--
-- AUTO_INCREMENT a táblához `storagespeed`
--
ALTER TABLE `storagespeed`
  MODIFY `ID` int(11) NOT NULL AUTO_INCREMENT, AUTO_INCREMENT=9;

--
-- AUTO_INCREMENT a táblához `users`
--
ALTER TABLE `users`
  MODIFY `ID` int(11) NOT NULL AUTO_INCREMENT, AUTO_INCREMENT=5;

--
-- AUTO_INCREMENT a táblához `waterprooftype`
--
ALTER TABLE `waterprooftype`
  MODIFY `ID` int(11) NOT NULL AUTO_INCREMENT, AUTO_INCREMENT=9;

--
-- Megkötések a kiírt táblákhoz
--

--
-- Megkötések a táblához `addresses`
--
ALTER TABLE `addresses`
  ADD CONSTRAINT `addresses_ibfk_1` FOREIGN KEY (`userID`) REFERENCES `users` (`ID`);

--
-- Megkötések a táblához `connectionparts`
--
ALTER TABLE `connectionparts`
  ADD CONSTRAINT `connectionparts_ibfk_1` FOREIGN KEY (`partID`) REFERENCES `parts` (`ID`),
  ADD CONSTRAINT `connectionparts_ibfk_2` FOREIGN KEY (`repairID`) REFERENCES `connectionservice` (`repairID`);

--
-- Megkötések a táblához `connectionservice`
--
ALTER TABLE `connectionservice`
  ADD CONSTRAINT `connectionservice_ibfk_4` FOREIGN KEY (`userID`) REFERENCES `users` (`ID`);

--
-- Megkötések a táblához `connphonecamera`
--
ALTER TABLE `connphonecamera`
  ADD CONSTRAINT `camera` FOREIGN KEY (`cameraID`) REFERENCES `camera` (`ID`) ON DELETE CASCADE ON UPDATE CASCADE,
  ADD CONSTRAINT `cameraType` FOREIGN KEY (`cameraTypeID`) REFERENCES `cameratype` (`ID`) ON DELETE CASCADE ON UPDATE CASCADE,
  ADD CONSTRAINT `phone` FOREIGN KEY (`phoneID`) REFERENCES `phonedatas` (`phoneID`);

--
-- Megkötések a táblához `connphonecolor`
--
ALTER TABLE `connphonecolor`
  ADD CONSTRAINT `color` FOREIGN KEY (`colorID`) REFERENCES `color` (`ID`) ON DELETE CASCADE ON UPDATE CASCADE,
  ADD CONSTRAINT `connphonecolor_ibfk_1` FOREIGN KEY (`phoneID`) REFERENCES `phonedatas` (`phoneID`);

--
-- Megkötések a táblához `connphoneramstorage`
--
ALTER TABLE `connphoneramstorage`
  ADD CONSTRAINT `connphoneramstorage_ibfk_1` FOREIGN KEY (`phoneID`) REFERENCES `phonedatas` (`phoneID`),
  ADD CONSTRAINT `ramstorage` FOREIGN KEY (`ramstorageID`) REFERENCES `ramstorage` (`ID`) ON DELETE CASCADE ON UPDATE CASCADE;

--
-- Megkötések a táblához `connuserorder`
--
ALTER TABLE `connuserorder`
  ADD CONSTRAINT `connuserorder_ibfk_3` FOREIGN KEY (`userID`) REFERENCES `users` (`ID`);

--
-- Megkötések a táblához `phonedatas`
--
ALTER TABLE `phonedatas`
  ADD CONSTRAINT `backMaterial` FOREIGN KEY (`backMaterialID`) REFERENCES `backmaterial` (`ID`),
  ADD CONSTRAINT `batteryType` FOREIGN KEY (`batteryTypeID`) REFERENCES `batterytype` (`ID`),
  ADD CONSTRAINT `chargerType` FOREIGN KEY (`chargerTypeID`) REFERENCES `chargertype` (`ID`),
  ADD CONSTRAINT `cpu` FOREIGN KEY (`cpuID`) REFERENCES `cpu` (`ID`),
  ADD CONSTRAINT `fingerprintPlace` FOREIGN KEY (`sensorsFingerprintPlaceID`) REFERENCES `sensorsfingerprintplace` (`ID`),
  ADD CONSTRAINT `fingerprintType` FOREIGN KEY (`sensorsFingerprintTypeID`) REFERENCES `sensorsfingerprinttype` (`ID`),
  ADD CONSTRAINT `manufacturer` FOREIGN KEY (`manufacturerID`) REFERENCES `manufacturer` (`ID`),
  ADD CONSTRAINT `ramSpeed` FOREIGN KEY (`ramSpeedID`) REFERENCES `ramspeed` (`ID`),
  ADD CONSTRAINT `screenType` FOREIGN KEY (`screenTypeID`) REFERENCES `screentype` (`ID`),
  ADD CONSTRAINT `speakerType` FOREIGN KEY (`speakerTypeID`) REFERENCES `speakertype` (`ID`),
  ADD CONSTRAINT `storageSpeed` FOREIGN KEY (`storageSpeedID`) REFERENCES `storagespeed` (`ID`),
  ADD CONSTRAINT `waterproofType` FOREIGN KEY (`waterproofTypeID`) REFERENCES `waterprooftype` (`ID`);

--
-- Megkötések a táblához `phonepictures`
--
ALTER TABLE `phonepictures`
  ADD CONSTRAINT `phonepictures_ibfk_1` FOREIGN KEY (`phoneID`) REFERENCES `phonedatas` (`phoneID`);

--
-- Megkötések a táblához `users`
--
ALTER TABLE `users`
  ADD CONSTRAINT `users_ibfk_3` FOREIGN KEY (`privilegeID`) REFERENCES `privilege` (`ID`);
COMMIT;

/*!40101 SET CHARACTER_SET_CLIENT=@OLD_CHARACTER_SET_CLIENT */;
/*!40101 SET CHARACTER_SET_RESULTS=@OLD_CHARACTER_SET_RESULTS */;
/*!40101 SET COLLATION_CONNECTION=@OLD_COLLATION_CONNECTION */;
